ISO-10303-21;
HEADER;
FILE_DESCRIPTION(('KiCad electronic assembly'),'2;1');
FILE_NAME('Hackpad.step','2026-09-07T16:01:59',('Pcbnew'),('Kicad'),
  'Open CASCADE STEP processor 7.9','KiCad to STEP converter','Unknown'
  );
FILE_SCHEMA(('AUTOMOTIVE_DESIGN { 1 0 10303 214 1 1 1 1 }'));
ENDSEC;
DATA;
#1 = APPLICATION_PROTOCOL_DEFINITION('international standard',
  'automotive_design',2000,#2);
#2 = APPLICATION_CONTEXT(
  'core data for automotive mechanical design processes');
#3 = SHAPE_DEFINITION_REPRESENTATION(#4,#10);
#4 = PRODUCT_DEFINITION_SHAPE('','',#5);
#5 = PRODUCT_DEFINITION('design','',#6,#9);
#6 = PRODUCT_DEFINITION_FORMATION('','',#7);
#7 = PRODUCT('Hackpad 1','Hackpad 1','',(#8));
#8 = PRODUCT_CONTEXT('',#2,'mechanical');
#9 = PRODUCT_DEFINITION_CONTEXT('part definition',#2,'design');
#10 = SHAPE_REPRESENTATION('',(#11,#15,#19,#23,#27),#31);
#11 = AXIS2_PLACEMENT_3D('',#12,#13,#14);
#12 = CARTESIAN_POINT('',(0.,0.,0.));
#13 = DIRECTION('',(0.,0.,1.));
#14 = DIRECTION('',(1.,0.,-0.));
#15 = AXIS2_PLACEMENT_3D('',#16,#17,#18);
#16 = CARTESIAN_POINT('',(109.46,-121.5,1.595));
#17 = DIRECTION('',(0.,0.,1.));
#18 = DIRECTION('',(1.,0.,0.));
#19 = AXIS2_PLACEMENT_3D('',#20,#21,#22);
#20 = CARTESIAN_POINT('',(94.2,-125.5,1.595));
#21 = DIRECTION('',(0.,0.,1.));
#22 = DIRECTION('',(1.,0.,0.));
#23 = AXIS2_PLACEMENT_3D('',#24,#25,#26);
#24 = CARTESIAN_POINT('',(114.62,-130.5,1.595));
#25 = DIRECTION('',(0.,0.,1.));
#26 = DIRECTION('',(-1.,1.224646799147E-16,0.));
#27 = AXIS2_PLACEMENT_3D('',#28,#29,#30);
#28 = CARTESIAN_POINT('',(0.,0.,0.));
#29 = DIRECTION('',(0.,0.,1.));
#30 = DIRECTION('',(1.,0.,-0.));
#31 = ( GEOMETRIC_REPRESENTATION_CONTEXT(3) 
GLOBAL_UNCERTAINTY_ASSIGNED_CONTEXT((#35)) GLOBAL_UNIT_ASSIGNED_CONTEXT(
(#32,#33,#34)) REPRESENTATION_CONTEXT('Context #1',
  '3D Context with UNIT and UNCERTAINTY') );
#32 = ( LENGTH_UNIT() NAMED_UNIT(*) SI_UNIT(.MILLI.,.METRE.) );
#33 = ( NAMED_UNIT(*) PLANE_ANGLE_UNIT() SI_UNIT($,.RADIAN.) );
#34 = ( NAMED_UNIT(*) SI_UNIT($,.STERADIAN.) SOLID_ANGLE_UNIT() );
#35 = UNCERTAINTY_MEASURE_WITH_UNIT(LENGTH_MEASURE(1.E-07),#32,
  'distance_accuracy_value','confusion accuracy');
#36 = PRODUCT_RELATED_PRODUCT_CATEGORY('part',$,(#7));
#37 = SHAPE_DEFINITION_REPRESENTATION(#38,#44);
#38 = PRODUCT_DEFINITION_SHAPE('','',#39);
#39 = PRODUCT_DEFINITION('design','',#40,#43);
#40 = PRODUCT_DEFINITION_FORMATION('','',#41);
#41 = PRODUCT('LED_D5.0mm','LED_D5.0mm','',(#42));
#42 = PRODUCT_CONTEXT('',#2,'mechanical');
#43 = PRODUCT_DEFINITION_CONTEXT('part definition',#2,'design');
#44 = SHAPE_REPRESENTATION('',(#11,#45),#49);
#45 = AXIS2_PLACEMENT_3D('',#46,#47,#48);
#46 = CARTESIAN_POINT('',(0.,0.,0.));
#47 = DIRECTION('',(0.,0.,1.));
#48 = DIRECTION('',(1.,0.,-0.));
#49 = ( GEOMETRIC_REPRESENTATION_CONTEXT(3) 
GLOBAL_UNCERTAINTY_ASSIGNED_CONTEXT((#53)) GLOBAL_UNIT_ASSIGNED_CONTEXT(
(#50,#51,#52)) REPRESENTATION_CONTEXT('Context #1',
  '3D Context with UNIT and UNCERTAINTY') );
#50 = ( LENGTH_UNIT() NAMED_UNIT(*) SI_UNIT(.MILLI.,.METRE.) );
#51 = ( NAMED_UNIT(*) PLANE_ANGLE_UNIT() SI_UNIT($,.RADIAN.) );
#52 = ( NAMED_UNIT(*) SI_UNIT($,.STERADIAN.) SOLID_ANGLE_UNIT() );
#53 = UNCERTAINTY_MEASURE_WITH_UNIT(LENGTH_MEASURE(1.E-07),#50,
  'distance_accuracy_value','confusion accuracy');
#54 = CONTEXT_DEPENDENT_SHAPE_REPRESENTATION(#55,#57);
#55 = ( REPRESENTATION_RELATIONSHIP('','',#44,#10) 
REPRESENTATION_RELATIONSHIP_WITH_TRANSFORMATION(#56) 
SHAPE_REPRESENTATION_RELATIONSHIP() );
#56 = ITEM_DEFINED_TRANSFORMATION('','',#11,#15);
#57 = PRODUCT_DEFINITION_SHAPE('Placement','Placement of an item',#58);
#58 = NEXT_ASSEMBLY_USAGE_OCCURRENCE('2','D1','',#5,#39,$);
#59 = PRODUCT_RELATED_PRODUCT_CATEGORY('part',$,(#41));
#60 = SHAPE_DEFINITION_REPRESENTATION(#61,#67);
#61 = PRODUCT_DEFINITION_SHAPE('','',#62);
#62 = PRODUCT_DEFINITION('design','',#63,#66);
#63 = PRODUCT_DEFINITION_FORMATION('','',#64);
#64 = PRODUCT('LED_D5.0mm','LED_D5.0mm','',(#65));
#65 = PRODUCT_CONTEXT('',#2,'mechanical');
#66 = PRODUCT_DEFINITION_CONTEXT('part definition',#2,'design');
#67 = ADVANCED_BREP_SHAPE_REPRESENTATION('',(#11,#68),#493);
#68 = MANIFOLD_SOLID_BREP('',#69);
#69 = CLOSED_SHELL('',(#70,#97,#122,#150,#182,#199,#277,#308,#332,#356,
    #373,#404,#428,#452,#469,#481));
#70 = ADVANCED_FACE('',(#71),#92,.T.);
#71 = FACE_BOUND('',#72,.T.);
#72 = EDGE_LOOP('',(#73,#84,#85));
#73 = ORIENTED_EDGE('',*,*,#74,.T.);
#74 = EDGE_CURVE('',#75,#77,#79,.T.);
#75 = VERTEX_POINT('',#76);
#76 = CARTESIAN_POINT('',(3.72,6.095124405192E-15,9.15));
#77 = VERTEX_POINT('',#78);
#78 = CARTESIAN_POINT('',(1.27,7.727152251391E-15,11.6));
#79 = CIRCLE('',#80,2.45);
#80 = AXIS2_PLACEMENT_3D('',#81,#82,#83);
#81 = CARTESIAN_POINT('',(1.27,6.095124405192E-15,9.15));
#82 = DIRECTION('',(0.,-1.,6.661338147751E-16));
#83 = DIRECTION('',(1.,0.,0.));
#84 = ORIENTED_EDGE('',*,*,#74,.F.);
#85 = ORIENTED_EDGE('',*,*,#86,.F.);
#86 = EDGE_CURVE('',#75,#75,#87,.T.);
#87 = CIRCLE('',#88,2.45);
#88 = AXIS2_PLACEMENT_3D('',#89,#90,#91);
#89 = CARTESIAN_POINT('',(1.27,4.063416270128E-15,9.15));
#90 = DIRECTION('',(-4.379057701015E-47,-4.440892098501E-16,-1.));
#91 = DIRECTION('',(1.,8.292686265567E-16,-3.68269249121E-31));
#92 = SPHERICAL_SURFACE('',#93,2.45);
#93 = AXIS2_PLACEMENT_3D('',#94,#95,#96);
#94 = CARTESIAN_POINT('',(1.27,6.095124405192E-15,9.15));
#95 = DIRECTION('',(0.,4.440892098501E-16,1.));
#96 = DIRECTION('',(1.,1.394807543452E-15,-6.194189798646E-31));
#97 = ADVANCED_FACE('',(#98),#117,.T.);
#98 = FACE_BOUND('',#99,.T.);
#99 = EDGE_LOOP('',(#100,#108,#109,#110));
#100 = ORIENTED_EDGE('',*,*,#101,.F.);
#101 = EDGE_CURVE('',#75,#102,#104,.T.);
#102 = VERTEX_POINT('',#103);
#103 = CARTESIAN_POINT('',(3.72,2.6645352591E-15,4.));
#104 = LINE('',#105,#106);
#105 = CARTESIAN_POINT('',(3.72,6.095124405192E-15,9.15));
#106 = VECTOR('',#107,1.);
#107 = DIRECTION('',(0.,-6.661338147751E-16,-1.));
#108 = ORIENTED_EDGE('',*,*,#86,.T.);
#109 = ORIENTED_EDGE('',*,*,#101,.T.);
#110 = ORIENTED_EDGE('',*,*,#111,.F.);
#111 = EDGE_CURVE('',#102,#102,#112,.T.);
#112 = CIRCLE('',#113,2.45);
#113 = AXIS2_PLACEMENT_3D('',#114,#115,#116);
#114 = CARTESIAN_POINT('',(1.27,1.7763568394E-15,4.));
#115 = DIRECTION('',(-2.189528850508E-47,-4.440892098501E-16,-1.));
#116 = DIRECTION('',(1.,3.625218039592E-16,-1.609920214737E-31));
#117 = CYLINDRICAL_SURFACE('',#118,2.45);
#118 = AXIS2_PLACEMENT_3D('',#119,#120,#121);
#119 = CARTESIAN_POINT('',(1.27,4.063416270128E-15,9.15));
#120 = DIRECTION('',(0.,-4.440892098501E-16,-1.));
#121 = DIRECTION('',(1.,8.292686265567E-16,-3.68269249121E-31));
#122 = ADVANCED_FACE('',(#123,#142),#145,.F.);
#123 = FACE_BOUND('',#124,.F.);
#124 = EDGE_LOOP('',(#125,#136));
#125 = ORIENTED_EDGE('',*,*,#126,.F.);
#126 = EDGE_CURVE('',#127,#129,#131,.T.);
#127 = VERTEX_POINT('',#128);
#128 = CARTESIAN_POINT('',(-1.229999999999,-1.46969384567,4.));
#129 = VERTEX_POINT('',#130);
#130 = CARTESIAN_POINT('',(-1.23,1.469693845669,4.));
#131 = CIRCLE('',#132,2.9);
#132 = AXIS2_PLACEMENT_3D('',#133,#134,#135);
#133 = CARTESIAN_POINT('',(1.27,0.,4.));
#134 = DIRECTION('',(0.,0.,1.));
#135 = DIRECTION('',(1.,0.,-0.));
#136 = ORIENTED_EDGE('',*,*,#137,.T.);
#137 = EDGE_CURVE('',#127,#129,#138,.T.);
#138 = LINE('',#139,#140);
#139 = CARTESIAN_POINT('',(-1.229999999999,-1.46969384567,4.));
#140 = VECTOR('',#141,1.);
#141 = DIRECTION('',(0.,1.,0.));
#142 = FACE_BOUND('',#143,.F.);
#143 = EDGE_LOOP('',(#144));
#144 = ORIENTED_EDGE('',*,*,#111,.F.);
#145 = PLANE('',#146);
#146 = AXIS2_PLACEMENT_3D('',#147,#148,#149);
#147 = CARTESIAN_POINT('',(-1.229999999999,-1.469693845671,4.));
#148 = DIRECTION('',(0.,0.,-1.));
#149 = DIRECTION('',(-1.,0.,0.));
#150 = ADVANCED_FACE('',(#151),#177,.T.);
#151 = FACE_BOUND('',#152,.T.);
#152 = EDGE_LOOP('',(#153,#164,#170,#171));
#153 = ORIENTED_EDGE('',*,*,#154,.T.);
#154 = EDGE_CURVE('',#155,#157,#159,.T.);
#155 = VERTEX_POINT('',#156);
#156 = CARTESIAN_POINT('',(-1.229999999999,-1.46969384567,3.));
#157 = VERTEX_POINT('',#158);
#158 = CARTESIAN_POINT('',(-1.23,1.469693845669,3.));
#159 = CIRCLE('',#160,2.9);
#160 = AXIS2_PLACEMENT_3D('',#161,#162,#163);
#161 = CARTESIAN_POINT('',(1.27,0.,3.));
#162 = DIRECTION('',(0.,0.,1.));
#163 = DIRECTION('',(1.,0.,-0.));
#164 = ORIENTED_EDGE('',*,*,#165,.T.);
#165 = EDGE_CURVE('',#157,#129,#166,.T.);
#166 = LINE('',#167,#168);
#167 = CARTESIAN_POINT('',(-1.23,1.469693845669,3.));
#168 = VECTOR('',#169,1.);
#169 = DIRECTION('',(0.,0.,1.));
#170 = ORIENTED_EDGE('',*,*,#126,.F.);
#171 = ORIENTED_EDGE('',*,*,#172,.F.);
#172 = EDGE_CURVE('',#155,#127,#173,.T.);
#173 = LINE('',#174,#175);
#174 = CARTESIAN_POINT('',(-1.229999999999,-1.46969384567,3.));
#175 = VECTOR('',#176,1.);
#176 = DIRECTION('',(0.,0.,1.));
#177 = CYLINDRICAL_SURFACE('',#178,2.9);
#178 = AXIS2_PLACEMENT_3D('',#179,#180,#181);
#179 = CARTESIAN_POINT('',(1.27,0.,3.));
#180 = DIRECTION('',(-0.,-0.,-1.));
#181 = DIRECTION('',(1.,0.,0.));
#182 = ADVANCED_FACE('',(#183),#194,.T.);
#183 = FACE_BOUND('',#184,.T.);
#184 = EDGE_LOOP('',(#185,#186,#187,#188));
#185 = ORIENTED_EDGE('',*,*,#172,.T.);
#186 = ORIENTED_EDGE('',*,*,#137,.T.);
#187 = ORIENTED_EDGE('',*,*,#165,.F.);
#188 = ORIENTED_EDGE('',*,*,#189,.F.);
#189 = EDGE_CURVE('',#155,#157,#190,.T.);
#190 = LINE('',#191,#192);
#191 = CARTESIAN_POINT('',(-1.229999999999,-1.46969384567,3.));
#192 = VECTOR('',#193,1.);
#193 = DIRECTION('',(0.,1.,0.));
#194 = PLANE('',#195);
#195 = AXIS2_PLACEMENT_3D('',#196,#197,#198);
#196 = CARTESIAN_POINT('',(-1.229999999999,-1.46969384567,3.));
#197 = DIRECTION('',(-1.,0.,0.));
#198 = DIRECTION('',(0.,1.,0.));
#199 = ADVANCED_FACE('',(#200,#204,#238),#272,.T.);
#200 = FACE_BOUND('',#201,.T.);
#201 = EDGE_LOOP('',(#202,#203));
#202 = ORIENTED_EDGE('',*,*,#154,.F.);
#203 = ORIENTED_EDGE('',*,*,#189,.T.);
#204 = FACE_BOUND('',#205,.T.);
#205 = EDGE_LOOP('',(#206,#216,#224,#232));
#206 = ORIENTED_EDGE('',*,*,#207,.T.);
#207 = EDGE_CURVE('',#208,#210,#212,.T.);
#208 = VERTEX_POINT('',#209);
#209 = CARTESIAN_POINT('',(-0.2,-0.2,3.));
#210 = VERTEX_POINT('',#211);
#211 = CARTESIAN_POINT('',(0.2,-0.2,3.));
#212 = LINE('',#213,#214);
#213 = CARTESIAN_POINT('',(-0.515,-0.2,3.));
#214 = VECTOR('',#215,1.);
#215 = DIRECTION('',(1.,0.,0.));
#216 = ORIENTED_EDGE('',*,*,#217,.T.);
#217 = EDGE_CURVE('',#210,#218,#220,.T.);
#218 = VERTEX_POINT('',#219);
#219 = CARTESIAN_POINT('',(0.2,0.2,3.));
#220 = LINE('',#221,#222);
#221 = CARTESIAN_POINT('',(0.2,-0.634846922835,3.));
#222 = VECTOR('',#223,1.);
#223 = DIRECTION('',(0.,1.,0.));
#224 = ORIENTED_EDGE('',*,*,#225,.T.);
#225 = EDGE_CURVE('',#218,#226,#228,.T.);
#226 = VERTEX_POINT('',#227);
#227 = CARTESIAN_POINT('',(-0.2,0.2,3.));
#228 = LINE('',#229,#230);
#229 = CARTESIAN_POINT('',(-0.715,0.2,3.));
#230 = VECTOR('',#231,1.);
#231 = DIRECTION('',(-1.,-0.,-0.));
#232 = ORIENTED_EDGE('',*,*,#233,.T.);
#233 = EDGE_CURVE('',#226,#208,#234,.T.);
#234 = LINE('',#235,#236);
#235 = CARTESIAN_POINT('',(-0.2,-0.834846922835,3.));
#236 = VECTOR('',#237,1.);
#237 = DIRECTION('',(0.,-1.,0.));
#238 = FACE_BOUND('',#239,.T.);
#239 = EDGE_LOOP('',(#240,#250,#258,#266));
#240 = ORIENTED_EDGE('',*,*,#241,.T.);
#241 = EDGE_CURVE('',#242,#244,#246,.T.);
#242 = VERTEX_POINT('',#243);
#243 = CARTESIAN_POINT('',(2.34,0.2,3.));
#244 = VERTEX_POINT('',#245);
#245 = CARTESIAN_POINT('',(2.34,-0.2,3.));
#246 = LINE('',#247,#248);
#247 = CARTESIAN_POINT('',(2.34,-0.834846922835,3.));
#248 = VECTOR('',#249,1.);
#249 = DIRECTION('',(0.,-1.,0.));
#250 = ORIENTED_EDGE('',*,*,#251,.T.);
#251 = EDGE_CURVE('',#244,#252,#254,.T.);
#252 = VERTEX_POINT('',#253);
#253 = CARTESIAN_POINT('',(2.74,-0.2,3.));
#254 = LINE('',#255,#256);
#255 = CARTESIAN_POINT('',(0.755,-0.2,3.));
#256 = VECTOR('',#257,1.);
#257 = DIRECTION('',(1.,0.,0.));
#258 = ORIENTED_EDGE('',*,*,#259,.T.);
#259 = EDGE_CURVE('',#252,#260,#262,.T.);
#260 = VERTEX_POINT('',#261);
#261 = CARTESIAN_POINT('',(2.74,0.2,3.));
#262 = LINE('',#263,#264);
#263 = CARTESIAN_POINT('',(2.74,-0.634846922835,3.));
#264 = VECTOR('',#265,1.);
#265 = DIRECTION('',(0.,1.,0.));
#266 = ORIENTED_EDGE('',*,*,#267,.T.);
#267 = EDGE_CURVE('',#260,#242,#268,.T.);
#268 = LINE('',#269,#270);
#269 = CARTESIAN_POINT('',(0.555,0.2,3.));
#270 = VECTOR('',#271,1.);
#271 = DIRECTION('',(-1.,-0.,-0.));
#272 = PLANE('',#273);
#273 = AXIS2_PLACEMENT_3D('',#274,#275,#276);
#274 = CARTESIAN_POINT('',(-1.229999999999,-1.469693845671,3.));
#275 = DIRECTION('',(0.,0.,-1.));
#276 = DIRECTION('',(-1.,0.,0.));
#277 = ADVANCED_FACE('',(#278),#303,.F.);
#278 = FACE_BOUND('',#279,.F.);
#279 = EDGE_LOOP('',(#280,#281,#289,#297));
#280 = ORIENTED_EDGE('',*,*,#207,.T.);
#281 = ORIENTED_EDGE('',*,*,#282,.T.);
#282 = EDGE_CURVE('',#210,#283,#285,.T.);
#283 = VERTEX_POINT('',#284);
#284 = CARTESIAN_POINT('',(0.2,-0.2,-2.5));
#285 = LINE('',#286,#287);
#286 = CARTESIAN_POINT('',(0.2,-0.2,3.5));
#287 = VECTOR('',#288,1.);
#288 = DIRECTION('',(-0.,-0.,-1.));
#289 = ORIENTED_EDGE('',*,*,#290,.T.);
#290 = EDGE_CURVE('',#283,#291,#293,.T.);
#291 = VERTEX_POINT('',#292);
#292 = CARTESIAN_POINT('',(-0.2,-0.2,-2.5));
#293 = LINE('',#294,#295);
#294 = CARTESIAN_POINT('',(0.2,-0.2,-2.5));
#295 = VECTOR('',#296,1.);
#296 = DIRECTION('',(-1.,0.,0.));
#297 = ORIENTED_EDGE('',*,*,#298,.F.);
#298 = EDGE_CURVE('',#208,#291,#299,.T.);
#299 = LINE('',#300,#301);
#300 = CARTESIAN_POINT('',(-0.2,-0.2,3.5));
#301 = VECTOR('',#302,1.);
#302 = DIRECTION('',(-0.,-0.,-1.));
#303 = PLANE('',#304);
#304 = AXIS2_PLACEMENT_3D('',#305,#306,#307);
#305 = CARTESIAN_POINT('',(0.2,-0.2,3.5));
#306 = DIRECTION('',(0.,1.,0.));
#307 = DIRECTION('',(-1.,0.,0.));
#308 = ADVANCED_FACE('',(#309),#327,.F.);
#309 = FACE_BOUND('',#310,.F.);
#310 = EDGE_LOOP('',(#311,#312,#313,#321));
#311 = ORIENTED_EDGE('',*,*,#233,.T.);
#312 = ORIENTED_EDGE('',*,*,#298,.T.);
#313 = ORIENTED_EDGE('',*,*,#314,.T.);
#314 = EDGE_CURVE('',#291,#315,#317,.T.);
#315 = VERTEX_POINT('',#316);
#316 = CARTESIAN_POINT('',(-0.2,0.2,-2.5));
#317 = LINE('',#318,#319);
#318 = CARTESIAN_POINT('',(-0.2,-0.2,-2.5));
#319 = VECTOR('',#320,1.);
#320 = DIRECTION('',(0.,1.,0.));
#321 = ORIENTED_EDGE('',*,*,#322,.F.);
#322 = EDGE_CURVE('',#226,#315,#323,.T.);
#323 = LINE('',#324,#325);
#324 = CARTESIAN_POINT('',(-0.2,0.2,3.5));
#325 = VECTOR('',#326,1.);
#326 = DIRECTION('',(-0.,-0.,-1.));
#327 = PLANE('',#328);
#328 = AXIS2_PLACEMENT_3D('',#329,#330,#331);
#329 = CARTESIAN_POINT('',(-0.2,-0.2,3.5));
#330 = DIRECTION('',(1.,0.,0.));
#331 = DIRECTION('',(-0.,1.,0.));
#332 = ADVANCED_FACE('',(#333),#351,.F.);
#333 = FACE_BOUND('',#334,.F.);
#334 = EDGE_LOOP('',(#335,#336,#337,#345));
#335 = ORIENTED_EDGE('',*,*,#225,.T.);
#336 = ORIENTED_EDGE('',*,*,#322,.T.);
#337 = ORIENTED_EDGE('',*,*,#338,.T.);
#338 = EDGE_CURVE('',#315,#339,#341,.T.);
#339 = VERTEX_POINT('',#340);
#340 = CARTESIAN_POINT('',(0.2,0.2,-2.5));
#341 = LINE('',#342,#343);
#342 = CARTESIAN_POINT('',(-0.2,0.2,-2.5));
#343 = VECTOR('',#344,1.);
#344 = DIRECTION('',(1.,0.,0.));
#345 = ORIENTED_EDGE('',*,*,#346,.F.);
#346 = EDGE_CURVE('',#218,#339,#347,.T.);
#347 = LINE('',#348,#349);
#348 = CARTESIAN_POINT('',(0.2,0.2,3.5));
#349 = VECTOR('',#350,1.);
#350 = DIRECTION('',(-0.,-0.,-1.));
#351 = PLANE('',#352);
#352 = AXIS2_PLACEMENT_3D('',#353,#354,#355);
#353 = CARTESIAN_POINT('',(-0.2,0.2,3.5));
#354 = DIRECTION('',(0.,-1.,0.));
#355 = DIRECTION('',(1.,0.,0.));
#356 = ADVANCED_FACE('',(#357),#368,.F.);
#357 = FACE_BOUND('',#358,.F.);
#358 = EDGE_LOOP('',(#359,#360,#361,#367));
#359 = ORIENTED_EDGE('',*,*,#217,.T.);
#360 = ORIENTED_EDGE('',*,*,#346,.T.);
#361 = ORIENTED_EDGE('',*,*,#362,.T.);
#362 = EDGE_CURVE('',#339,#283,#363,.T.);
#363 = LINE('',#364,#365);
#364 = CARTESIAN_POINT('',(0.2,0.2,-2.5));
#365 = VECTOR('',#366,1.);
#366 = DIRECTION('',(0.,-1.,0.));
#367 = ORIENTED_EDGE('',*,*,#282,.F.);
#368 = PLANE('',#369);
#369 = AXIS2_PLACEMENT_3D('',#370,#371,#372);
#370 = CARTESIAN_POINT('',(0.2,0.2,3.5));
#371 = DIRECTION('',(-1.,0.,0.));
#372 = DIRECTION('',(0.,-1.,0.));
#373 = ADVANCED_FACE('',(#374),#399,.F.);
#374 = FACE_BOUND('',#375,.F.);
#375 = EDGE_LOOP('',(#376,#377,#385,#393));
#376 = ORIENTED_EDGE('',*,*,#241,.T.);
#377 = ORIENTED_EDGE('',*,*,#378,.T.);
#378 = EDGE_CURVE('',#244,#379,#381,.T.);
#379 = VERTEX_POINT('',#380);
#380 = CARTESIAN_POINT('',(2.34,-0.2,-2.5));
#381 = LINE('',#382,#383);
#382 = CARTESIAN_POINT('',(2.34,-0.2,3.5));
#383 = VECTOR('',#384,1.);
#384 = DIRECTION('',(-0.,-0.,-1.));
#385 = ORIENTED_EDGE('',*,*,#386,.T.);
#386 = EDGE_CURVE('',#379,#387,#389,.T.);
#387 = VERTEX_POINT('',#388);
#388 = CARTESIAN_POINT('',(2.34,0.2,-2.5));
#389 = LINE('',#390,#391);
#390 = CARTESIAN_POINT('',(2.34,-0.2,-2.5));
#391 = VECTOR('',#392,1.);
#392 = DIRECTION('',(0.,1.,0.));
#393 = ORIENTED_EDGE('',*,*,#394,.F.);
#394 = EDGE_CURVE('',#242,#387,#395,.T.);
#395 = LINE('',#396,#397);
#396 = CARTESIAN_POINT('',(2.34,0.2,3.5));
#397 = VECTOR('',#398,1.);
#398 = DIRECTION('',(-0.,-0.,-1.));
#399 = PLANE('',#400);
#400 = AXIS2_PLACEMENT_3D('',#401,#402,#403);
#401 = CARTESIAN_POINT('',(2.34,-0.2,3.5));
#402 = DIRECTION('',(1.,0.,0.));
#403 = DIRECTION('',(-0.,1.,0.));
#404 = ADVANCED_FACE('',(#405),#423,.F.);
#405 = FACE_BOUND('',#406,.F.);
#406 = EDGE_LOOP('',(#407,#408,#409,#417));
#407 = ORIENTED_EDGE('',*,*,#267,.T.);
#408 = ORIENTED_EDGE('',*,*,#394,.T.);
#409 = ORIENTED_EDGE('',*,*,#410,.T.);
#410 = EDGE_CURVE('',#387,#411,#413,.T.);
#411 = VERTEX_POINT('',#412);
#412 = CARTESIAN_POINT('',(2.74,0.2,-2.5));
#413 = LINE('',#414,#415);
#414 = CARTESIAN_POINT('',(2.34,0.2,-2.5));
#415 = VECTOR('',#416,1.);
#416 = DIRECTION('',(1.,0.,0.));
#417 = ORIENTED_EDGE('',*,*,#418,.F.);
#418 = EDGE_CURVE('',#260,#411,#419,.T.);
#419 = LINE('',#420,#421);
#420 = CARTESIAN_POINT('',(2.74,0.2,3.5));
#421 = VECTOR('',#422,1.);
#422 = DIRECTION('',(-0.,-0.,-1.));
#423 = PLANE('',#424);
#424 = AXIS2_PLACEMENT_3D('',#425,#426,#427);
#425 = CARTESIAN_POINT('',(2.34,0.2,3.5));
#426 = DIRECTION('',(0.,-1.,0.));
#427 = DIRECTION('',(1.,0.,0.));
#428 = ADVANCED_FACE('',(#429),#447,.F.);
#429 = FACE_BOUND('',#430,.F.);
#430 = EDGE_LOOP('',(#431,#432,#433,#441));
#431 = ORIENTED_EDGE('',*,*,#259,.T.);
#432 = ORIENTED_EDGE('',*,*,#418,.T.);
#433 = ORIENTED_EDGE('',*,*,#434,.T.);
#434 = EDGE_CURVE('',#411,#435,#437,.T.);
#435 = VERTEX_POINT('',#436);
#436 = CARTESIAN_POINT('',(2.74,-0.2,-2.5));
#437 = LINE('',#438,#439);
#438 = CARTESIAN_POINT('',(2.74,0.2,-2.5));
#439 = VECTOR('',#440,1.);
#440 = DIRECTION('',(0.,-1.,0.));
#441 = ORIENTED_EDGE('',*,*,#442,.F.);
#442 = EDGE_CURVE('',#252,#435,#443,.T.);
#443 = LINE('',#444,#445);
#444 = CARTESIAN_POINT('',(2.74,-0.2,3.5));
#445 = VECTOR('',#446,1.);
#446 = DIRECTION('',(-0.,-0.,-1.));
#447 = PLANE('',#448);
#448 = AXIS2_PLACEMENT_3D('',#449,#450,#451);
#449 = CARTESIAN_POINT('',(2.74,0.2,3.5));
#450 = DIRECTION('',(-1.,0.,0.));
#451 = DIRECTION('',(0.,-1.,0.));
#452 = ADVANCED_FACE('',(#453),#464,.F.);
#453 = FACE_BOUND('',#454,.F.);
#454 = EDGE_LOOP('',(#455,#456,#457,#463));
#455 = ORIENTED_EDGE('',*,*,#251,.T.);
#456 = ORIENTED_EDGE('',*,*,#442,.T.);
#457 = ORIENTED_EDGE('',*,*,#458,.T.);
#458 = EDGE_CURVE('',#435,#379,#459,.T.);
#459 = LINE('',#460,#461);
#460 = CARTESIAN_POINT('',(2.74,-0.2,-2.5));
#461 = VECTOR('',#462,1.);
#462 = DIRECTION('',(-1.,0.,0.));
#463 = ORIENTED_EDGE('',*,*,#378,.F.);
#464 = PLANE('',#465);
#465 = AXIS2_PLACEMENT_3D('',#466,#467,#468);
#466 = CARTESIAN_POINT('',(2.74,-0.2,3.5));
#467 = DIRECTION('',(0.,1.,0.));
#468 = DIRECTION('',(-1.,0.,0.));
#469 = ADVANCED_FACE('',(#470),#476,.F.);
#470 = FACE_BOUND('',#471,.T.);
#471 = EDGE_LOOP('',(#472,#473,#474,#475));
#472 = ORIENTED_EDGE('',*,*,#338,.T.);
#473 = ORIENTED_EDGE('',*,*,#362,.T.);
#474 = ORIENTED_EDGE('',*,*,#290,.T.);
#475 = ORIENTED_EDGE('',*,*,#314,.T.);
#476 = PLANE('',#477);
#477 = AXIS2_PLACEMENT_3D('',#478,#479,#480);
#478 = CARTESIAN_POINT('',(-0.2,0.2,-2.5));
#479 = DIRECTION('',(0.,0.,1.));
#480 = DIRECTION('',(1.,0.,-0.));
#481 = ADVANCED_FACE('',(#482),#488,.F.);
#482 = FACE_BOUND('',#483,.T.);
#483 = EDGE_LOOP('',(#484,#485,#486,#487));
#484 = ORIENTED_EDGE('',*,*,#410,.T.);
#485 = ORIENTED_EDGE('',*,*,#434,.T.);
#486 = ORIENTED_EDGE('',*,*,#458,.T.);
#487 = ORIENTED_EDGE('',*,*,#386,.T.);
#488 = PLANE('',#489);
#489 = AXIS2_PLACEMENT_3D('',#490,#491,#492);
#490 = CARTESIAN_POINT('',(2.34,0.2,-2.5));
#491 = DIRECTION('',(0.,0.,1.));
#492 = DIRECTION('',(1.,0.,-0.));
#493 = ( GEOMETRIC_REPRESENTATION_CONTEXT(3) 
GLOBAL_UNCERTAINTY_ASSIGNED_CONTEXT((#497)) GLOBAL_UNIT_ASSIGNED_CONTEXT
((#494,#495,#496)) REPRESENTATION_CONTEXT('Context #1',
  '3D Context with UNIT and UNCERTAINTY') );
#494 = ( LENGTH_UNIT() NAMED_UNIT(*) SI_UNIT(.MILLI.,.METRE.) );
#495 = ( NAMED_UNIT(*) PLANE_ANGLE_UNIT() SI_UNIT($,.RADIAN.) );
#496 = ( NAMED_UNIT(*) SI_UNIT($,.STERADIAN.) SOLID_ANGLE_UNIT() );
#497 = UNCERTAINTY_MEASURE_WITH_UNIT(LENGTH_MEASURE(1.E-07),#494,
  'distance_accuracy_value','confusion accuracy');
#498 = CONTEXT_DEPENDENT_SHAPE_REPRESENTATION(#499,#501);
#499 = ( REPRESENTATION_RELATIONSHIP('','',#67,#44) 
REPRESENTATION_RELATIONSHIP_WITH_TRANSFORMATION(#500) 
SHAPE_REPRESENTATION_RELATIONSHIP() );
#500 = ITEM_DEFINED_TRANSFORMATION('','',#11,#45);
#501 = PRODUCT_DEFINITION_SHAPE('Placement','Placement of an item',#502
  );
#502 = NEXT_ASSEMBLY_USAGE_OCCURRENCE('1','=>[0:1:1:3]','',#39,#62,$);
#503 = PRODUCT_RELATED_PRODUCT_CATEGORY('part',$,(#64));
#504 = SHAPE_DEFINITION_REPRESENTATION(#505,#511);
#505 = PRODUCT_DEFINITION_SHAPE('','',#506);
#506 = PRODUCT_DEFINITION('design','',#507,#510);
#507 = PRODUCT_DEFINITION_FORMATION('','',#508);
#508 = PRODUCT('Buzzer_12x9.5RM7.6','Buzzer_12x9.5RM7.6','',(#509));
#509 = PRODUCT_CONTEXT('',#2,'mechanical');
#510 = PRODUCT_DEFINITION_CONTEXT('part definition',#2,'design');
#511 = SHAPE_REPRESENTATION('',(#11,#512),#516);
#512 = AXIS2_PLACEMENT_3D('',#513,#514,#515);
#513 = CARTESIAN_POINT('',(0.,0.,0.));
#514 = DIRECTION('',(0.,0.,1.));
#515 = DIRECTION('',(1.,0.,-0.));
#516 = ( GEOMETRIC_REPRESENTATION_CONTEXT(3) 
GLOBAL_UNCERTAINTY_ASSIGNED_CONTEXT((#520)) GLOBAL_UNIT_ASSIGNED_CONTEXT
((#517,#518,#519)) REPRESENTATION_CONTEXT('Context #1',
  '3D Context with UNIT and UNCERTAINTY') );
#517 = ( LENGTH_UNIT() NAMED_UNIT(*) SI_UNIT(.MILLI.,.METRE.) );
#518 = ( NAMED_UNIT(*) PLANE_ANGLE_UNIT() SI_UNIT($,.RADIAN.) );
#519 = ( NAMED_UNIT(*) SI_UNIT($,.STERADIAN.) SOLID_ANGLE_UNIT() );
#520 = UNCERTAINTY_MEASURE_WITH_UNIT(LENGTH_MEASURE(1.E-07),#517,
  'distance_accuracy_value','confusion accuracy');
#521 = CONTEXT_DEPENDENT_SHAPE_REPRESENTATION(#522,#524);
#522 = ( REPRESENTATION_RELATIONSHIP('','',#511,#10) 
REPRESENTATION_RELATIONSHIP_WITH_TRANSFORMATION(#523) 
SHAPE_REPRESENTATION_RELATIONSHIP() );
#523 = ITEM_DEFINED_TRANSFORMATION('','',#11,#19);
#524 = PRODUCT_DEFINITION_SHAPE('Placement','Placement of an item',#525
  );
#525 = NEXT_ASSEMBLY_USAGE_OCCURRENCE('4','BZ1','',#5,#506,$);
#526 = PRODUCT_RELATED_PRODUCT_CATEGORY('part',$,(#508));
#527 = SHAPE_DEFINITION_REPRESENTATION(#528,#534);
#528 = PRODUCT_DEFINITION_SHAPE('','',#529);
#529 = PRODUCT_DEFINITION('design','',#530,#533);
#530 = PRODUCT_DEFINITION_FORMATION('','',#531);
#531 = PRODUCT('Buzzer_12x95RM76','Buzzer_12x95RM76','',(#532));
#532 = PRODUCT_CONTEXT('',#2,'mechanical');
#533 = PRODUCT_DEFINITION_CONTEXT('part definition',#2,'design');
#534 = ADVANCED_BREP_SHAPE_REPRESENTATION('',(#11,#535),#827);
#535 = MANIFOLD_SOLID_BREP('',#536);
#536 = CLOSED_SHELL('',(#537,#570,#596,#622,#653,#673,#698,#723,#748,
    #774,#800,#809,#818));
#537 = ADVANCED_FACE('',(#538),#565,.T.);
#538 = FACE_BOUND('',#539,.T.);
#539 = EDGE_LOOP('',(#540,#549,#557,#564));
#540 = ORIENTED_EDGE('',*,*,#541,.T.);
#541 = EDGE_CURVE('',#542,#542,#544,.T.);
#542 = VERTEX_POINT('',#543);
#543 = CARTESIAN_POINT('',(9.8,1.804356723968E-35,0.33));
#544 = CIRCLE('',#545,6.);
#545 = AXIS2_PLACEMENT_3D('',#546,#547,#548);
#546 = CARTESIAN_POINT('',(3.8,1.804356723968E-35,0.33));
#547 = DIRECTION('',(-8.559688641721E-35,6.014522413226E-35,1.));
#548 = DIRECTION('',(1.,6.690258951221E-52,8.559688641721E-35));
#549 = ORIENTED_EDGE('',*,*,#550,.T.);
#550 = EDGE_CURVE('',#542,#551,#553,.T.);
#551 = VERTEX_POINT('',#552);
#552 = CARTESIAN_POINT('',(9.8,-8.91040357515E-35,8.048518518519));
#553 = LINE('',#554,#555);
#554 = CARTESIAN_POINT('',(9.8,0.,3.E-02));
#555 = VECTOR('',#556,1.);
#556 = DIRECTION('',(0.,0.,1.));
#557 = ORIENTED_EDGE('',*,*,#558,.F.);
#558 = EDGE_CURVE('',#551,#551,#559,.T.);
#559 = CIRCLE('',#560,6.);
#560 = AXIS2_PLACEMENT_3D('',#561,#562,#563);
#561 = CARTESIAN_POINT('',(3.8,-8.91040357515E-35,8.048518518519));
#562 = DIRECTION('',(-8.559688641721E-35,6.014522413226E-35,1.));
#563 = DIRECTION('',(1.,8.259101077374E-51,8.559688641721E-35));
#564 = ORIENTED_EDGE('',*,*,#550,.F.);
#565 = CYLINDRICAL_SURFACE('',#566,6.);
#566 = AXIS2_PLACEMENT_3D('',#567,#568,#569);
#567 = CARTESIAN_POINT('',(3.8,0.,3.E-02));
#568 = DIRECTION('',(-0.,-0.,-1.));
#569 = DIRECTION('',(1.,0.,0.));
#570 = ADVANCED_FACE('',(#571),#591,.T.);
#571 = FACE_BOUND('',#572,.T.);
#572 = EDGE_LOOP('',(#573,#582,#589,#590));
#573 = ORIENTED_EDGE('',*,*,#574,.T.);
#574 = EDGE_CURVE('',#575,#575,#577,.T.);
#575 = VERTEX_POINT('',#576);
#576 = CARTESIAN_POINT('',(9.5,2.672764710092E-51,3.E-02));
#577 = CIRCLE('',#578,5.7);
#578 = AXIS2_PLACEMENT_3D('',#579,#580,#581);
#579 = CARTESIAN_POINT('',(3.8,0.,3.E-02));
#580 = DIRECTION('',(-8.559688641721E-35,6.014522413226E-35,1.));
#581 = DIRECTION('',(1.,6.690258951221E-52,8.559688641721E-35));
#582 = ORIENTED_EDGE('',*,*,#583,.F.);
#583 = EDGE_CURVE('',#542,#575,#584,.T.);
#584 = CIRCLE('',#585,0.3);
#585 = AXIS2_PLACEMENT_3D('',#586,#587,#588);
#586 = CARTESIAN_POINT('',(9.5,9.021783619839E-37,0.33));
#587 = DIRECTION('',(3.007261206613E-36,1.,-6.014522413226E-35));
#588 = DIRECTION('',(1.,-3.007261206613E-36,8.559688641721E-35));
#589 = ORIENTED_EDGE('',*,*,#541,.F.);
#590 = ORIENTED_EDGE('',*,*,#583,.T.);
#591 = TOROIDAL_SURFACE('',#592,5.7,0.3);
#592 = AXIS2_PLACEMENT_3D('',#593,#594,#595);
#593 = CARTESIAN_POINT('',(3.8,1.804356723968E-35,0.33));
#594 = DIRECTION('',(8.559688641721E-35,-6.014522413226E-35,-1.));
#595 = DIRECTION('',(1.,6.690258951221E-52,8.559688641721E-35));
#596 = ADVANCED_FACE('',(#597),#617,.T.);
#597 = FACE_BOUND('',#598,.T.);
#598 = EDGE_LOOP('',(#599,#608,#609,#610));
#599 = ORIENTED_EDGE('',*,*,#600,.F.);
#600 = EDGE_CURVE('',#551,#601,#603,.T.);
#601 = VERTEX_POINT('',#602);
#602 = CARTESIAN_POINT('',(8.318518518519,3.207317652111E-50,9.53));
#603 = CIRCLE('',#604,1.481481481481);
#604 = AXIS2_PLACEMENT_3D('',#605,#606,#607);
#605 = CARTESIAN_POINT('',(8.318518518519,-8.91040357515E-35,
    8.048518518519));
#606 = DIRECTION('',(8.259101077374E-51,-1.,6.014522413226E-35));
#607 = DIRECTION('',(1.,8.259101077374E-51,8.559688641721E-35));
#608 = ORIENTED_EDGE('',*,*,#558,.T.);
#609 = ORIENTED_EDGE('',*,*,#600,.T.);
#610 = ORIENTED_EDGE('',*,*,#611,.F.);
#611 = EDGE_CURVE('',#601,#601,#612,.T.);
#612 = CIRCLE('',#613,4.518518518519);
#613 = AXIS2_PLACEMENT_3D('',#614,#615,#616);
#614 = CARTESIAN_POINT('',(3.8,0.,9.53));
#615 = DIRECTION('',(-8.559688641721E-35,6.014522413226E-35,1.));
#616 = DIRECTION('',(1.,8.259101077374E-51,8.559688641721E-35));
#617 = TOROIDAL_SURFACE('',#618,4.518518518519,1.481481481481);
#618 = AXIS2_PLACEMENT_3D('',#619,#620,#621);
#619 = CARTESIAN_POINT('',(3.8,-8.91040357515E-35,8.048518518519));
#620 = DIRECTION('',(-8.559688641721E-35,6.014522413226E-35,1.));
#621 = DIRECTION('',(1.,8.259101077374E-51,8.559688641721E-35));
#622 = ADVANCED_FACE('',(#623,#626,#637),#648,.F.);
#623 = FACE_BOUND('',#624,.F.);
#624 = EDGE_LOOP('',(#625));
#625 = ORIENTED_EDGE('',*,*,#574,.T.);
#626 = FACE_BOUND('',#627,.F.);
#627 = EDGE_LOOP('',(#628));
#628 = ORIENTED_EDGE('',*,*,#629,.F.);
#629 = EDGE_CURVE('',#630,#630,#632,.T.);
#630 = VERTEX_POINT('',#631);
#631 = CARTESIAN_POINT('',(0.45,0.,3.E-02));
#632 = CIRCLE('',#633,0.45);
#633 = AXIS2_PLACEMENT_3D('',#634,#635,#636);
#634 = CARTESIAN_POINT('',(0.,0.,3.E-02));
#635 = DIRECTION('',(0.,0.,1.));
#636 = DIRECTION('',(1.,0.,-0.));
#637 = FACE_BOUND('',#638,.F.);
#638 = EDGE_LOOP('',(#639));
#639 = ORIENTED_EDGE('',*,*,#640,.F.);
#640 = EDGE_CURVE('',#641,#641,#643,.T.);
#641 = VERTEX_POINT('',#642);
#642 = CARTESIAN_POINT('',(8.05,0.,3.E-02));
#643 = CIRCLE('',#644,0.45);
#644 = AXIS2_PLACEMENT_3D('',#645,#646,#647);
#645 = CARTESIAN_POINT('',(7.6,0.,3.E-02));
#646 = DIRECTION('',(0.,0.,1.));
#647 = DIRECTION('',(1.,0.,-0.));
#648 = PLANE('',#649);
#649 = AXIS2_PLACEMENT_3D('',#650,#651,#652);
#650 = CARTESIAN_POINT('',(3.8,2.108840176837E-16,3.E-02));
#651 = DIRECTION('',(-8.559688641721E-35,6.014522413226E-35,1.));
#652 = DIRECTION('',(1.,0.,8.559688641721E-35));
#653 = ADVANCED_FACE('',(#654,#657),#668,.T.);
#654 = FACE_BOUND('',#655,.T.);
#655 = EDGE_LOOP('',(#656));
#656 = ORIENTED_EDGE('',*,*,#611,.T.);
#657 = FACE_BOUND('',#658,.T.);
#658 = EDGE_LOOP('',(#659));
#659 = ORIENTED_EDGE('',*,*,#660,.T.);
#660 = EDGE_CURVE('',#661,#661,#663,.T.);
#661 = VERTEX_POINT('',#662);
#662 = CARTESIAN_POINT('',(4.8,0.,9.53));
#663 = CIRCLE('',#664,1.);
#664 = AXIS2_PLACEMENT_3D('',#665,#666,#667);
#665 = CARTESIAN_POINT('',(3.8,0.,9.53));
#666 = DIRECTION('',(0.,0.,-1.));
#667 = DIRECTION('',(1.,0.,0.));
#668 = PLANE('',#669);
#669 = AXIS2_PLACEMENT_3D('',#670,#671,#672);
#670 = CARTESIAN_POINT('',(3.8,2.108840176837E-16,9.53));
#671 = DIRECTION('',(-8.559688641721E-35,6.014522413226E-35,1.));
#672 = DIRECTION('',(1.,0.,8.559688641721E-35));
#673 = ADVANCED_FACE('',(#674),#693,.T.);
#674 = FACE_BOUND('',#675,.T.);
#675 = EDGE_LOOP('',(#676,#677,#685,#692));
#676 = ORIENTED_EDGE('',*,*,#629,.F.);
#677 = ORIENTED_EDGE('',*,*,#678,.T.);
#678 = EDGE_CURVE('',#630,#679,#681,.T.);
#679 = VERTEX_POINT('',#680);
#680 = CARTESIAN_POINT('',(0.45,0.,-2.82));
#681 = LINE('',#682,#683);
#682 = CARTESIAN_POINT('',(0.45,0.,1.03));
#683 = VECTOR('',#684,1.);
#684 = DIRECTION('',(-0.,-0.,-1.));
#685 = ORIENTED_EDGE('',*,*,#686,.T.);
#686 = EDGE_CURVE('',#679,#679,#687,.T.);
#687 = CIRCLE('',#688,0.45);
#688 = AXIS2_PLACEMENT_3D('',#689,#690,#691);
#689 = CARTESIAN_POINT('',(0.,0.,-2.82));
#690 = DIRECTION('',(0.,0.,1.));
#691 = DIRECTION('',(1.,0.,-0.));
#692 = ORIENTED_EDGE('',*,*,#678,.F.);
#693 = CYLINDRICAL_SURFACE('',#694,0.45);
#694 = AXIS2_PLACEMENT_3D('',#695,#696,#697);
#695 = CARTESIAN_POINT('',(0.,0.,1.03));
#696 = DIRECTION('',(0.,0.,1.));
#697 = DIRECTION('',(1.,0.,-0.));
#698 = ADVANCED_FACE('',(#699),#718,.T.);
#699 = FACE_BOUND('',#700,.T.);
#700 = EDGE_LOOP('',(#701,#702,#710,#717));
#701 = ORIENTED_EDGE('',*,*,#640,.F.);
#702 = ORIENTED_EDGE('',*,*,#703,.T.);
#703 = EDGE_CURVE('',#641,#704,#706,.T.);
#704 = VERTEX_POINT('',#705);
#705 = CARTESIAN_POINT('',(8.05,6.042804770876E-33,-2.82));
#706 = LINE('',#707,#708);
#707 = CARTESIAN_POINT('',(8.05,0.,1.03));
#708 = VECTOR('',#709,1.);
#709 = DIRECTION('',(-0.,-0.,-1.));
#710 = ORIENTED_EDGE('',*,*,#711,.T.);
#711 = EDGE_CURVE('',#704,#704,#712,.T.);
#712 = CIRCLE('',#713,0.45);
#713 = AXIS2_PLACEMENT_3D('',#714,#715,#716);
#714 = CARTESIAN_POINT('',(7.6,-1.29542663314E-31,-2.82));
#715 = DIRECTION('',(-1.19708830782E-30,3.357113761597E-32,1.));
#716 = DIRECTION('',(1.,3.013010401886E-31,1.19708830782E-30));
#717 = ORIENTED_EDGE('',*,*,#703,.F.);
#718 = CYLINDRICAL_SURFACE('',#719,0.45);
#719 = AXIS2_PLACEMENT_3D('',#720,#721,#722);
#720 = CARTESIAN_POINT('',(7.6,0.,1.03));
#721 = DIRECTION('',(0.,0.,1.));
#722 = DIRECTION('',(1.,0.,-0.));
#723 = ADVANCED_FACE('',(#724),#743,.F.);
#724 = FACE_BOUND('',#725,.F.);
#725 = EDGE_LOOP('',(#726,#734,#735,#736));
#726 = ORIENTED_EDGE('',*,*,#727,.T.);
#727 = EDGE_CURVE('',#728,#661,#730,.T.);
#728 = VERTEX_POINT('',#729);
#729 = CARTESIAN_POINT('',(4.8,0.,9.33));
#730 = LINE('',#731,#732);
#731 = CARTESIAN_POINT('',(4.8,0.,1.93));
#732 = VECTOR('',#733,1.);
#733 = DIRECTION('',(0.,0.,1.));
#734 = ORIENTED_EDGE('',*,*,#660,.T.);
#735 = ORIENTED_EDGE('',*,*,#727,.F.);
#736 = ORIENTED_EDGE('',*,*,#737,.T.);
#737 = EDGE_CURVE('',#728,#728,#738,.T.);
#738 = CIRCLE('',#739,1.);
#739 = AXIS2_PLACEMENT_3D('',#740,#741,#742);
#740 = CARTESIAN_POINT('',(3.8,0.,9.33));
#741 = DIRECTION('',(0.,0.,1.));
#742 = DIRECTION('',(1.,0.,-0.));
#743 = CYLINDRICAL_SURFACE('',#744,1.);
#744 = AXIS2_PLACEMENT_3D('',#745,#746,#747);
#745 = CARTESIAN_POINT('',(3.8,0.,1.93));
#746 = DIRECTION('',(-0.,-0.,-1.));
#747 = DIRECTION('',(1.,0.,0.));
#748 = ADVANCED_FACE('',(#749),#769,.T.);
#749 = FACE_BOUND('',#750,.T.);
#750 = EDGE_LOOP('',(#751,#760,#767,#768));
#751 = ORIENTED_EDGE('',*,*,#752,.T.);
#752 = EDGE_CURVE('',#753,#753,#755,.T.);
#753 = VERTEX_POINT('',#754);
#754 = CARTESIAN_POINT('',(0.27,0.,-3.));
#755 = CIRCLE('',#756,0.27);
#756 = AXIS2_PLACEMENT_3D('',#757,#758,#759);
#757 = CARTESIAN_POINT('',(0.,0.,-3.));
#758 = DIRECTION('',(0.,0.,1.));
#759 = DIRECTION('',(1.,0.,-0.));
#760 = ORIENTED_EDGE('',*,*,#761,.F.);
#761 = EDGE_CURVE('',#679,#753,#762,.T.);
#762 = CIRCLE('',#763,0.18);
#763 = AXIS2_PLACEMENT_3D('',#764,#765,#766);
#764 = CARTESIAN_POINT('',(0.27,0.,-2.82));
#765 = DIRECTION('',(-0.,1.,0.));
#766 = DIRECTION('',(1.,0.,0.));
#767 = ORIENTED_EDGE('',*,*,#686,.F.);
#768 = ORIENTED_EDGE('',*,*,#761,.T.);
#769 = TOROIDAL_SURFACE('',#770,0.27,0.18);
#770 = AXIS2_PLACEMENT_3D('',#771,#772,#773);
#771 = CARTESIAN_POINT('',(0.,0.,-2.82));
#772 = DIRECTION('',(-0.,-0.,-1.));
#773 = DIRECTION('',(1.,0.,0.));
#774 = ADVANCED_FACE('',(#775),#795,.T.);
#775 = FACE_BOUND('',#776,.T.);
#776 = EDGE_LOOP('',(#777,#786,#793,#794));
#777 = ORIENTED_EDGE('',*,*,#778,.T.);
#778 = EDGE_CURVE('',#779,#779,#781,.T.);
#779 = VERTEX_POINT('',#780);
#780 = CARTESIAN_POINT('',(7.87,-5.423418723394E-32,-3.));
#781 = CIRCLE('',#782,0.27);
#782 = AXIS2_PLACEMENT_3D('',#783,#784,#785);
#783 = CARTESIAN_POINT('',(7.6,-1.355854680849E-31,-3.));
#784 = DIRECTION('',(-1.19708830782E-30,3.357113761597E-32,1.));
#785 = DIRECTION('',(1.,3.013010401886E-31,1.19708830782E-30));
#786 = ORIENTED_EDGE('',*,*,#787,.F.);
#787 = EDGE_CURVE('',#704,#779,#788,.T.);
#788 = CIRCLE('',#789,0.18);
#789 = AXIS2_PLACEMENT_3D('',#790,#791,#792);
#790 = CARTESIAN_POINT('',(7.87,-5.181706532559E-32,-2.82));
#791 = DIRECTION('',(-2.878725851422E-31,1.,-3.357113761597E-32));
#792 = DIRECTION('',(1.,2.878725851422E-31,1.19708830782E-30));
#793 = ORIENTED_EDGE('',*,*,#711,.F.);
#794 = ORIENTED_EDGE('',*,*,#787,.T.);
#795 = TOROIDAL_SURFACE('',#796,0.27,0.18);
#796 = AXIS2_PLACEMENT_3D('',#797,#798,#799);
#797 = CARTESIAN_POINT('',(7.6,-1.29542663314E-31,-2.82));
#798 = DIRECTION('',(1.19708830782E-30,-3.357113761597E-32,-1.));
#799 = DIRECTION('',(1.,3.013010401886E-31,1.19708830782E-30));
#800 = ADVANCED_FACE('',(#801),#804,.T.);
#801 = FACE_BOUND('',#802,.T.);
#802 = EDGE_LOOP('',(#803));
#803 = ORIENTED_EDGE('',*,*,#737,.T.);
#804 = PLANE('',#805);
#805 = AXIS2_PLACEMENT_3D('',#806,#807,#808);
#806 = CARTESIAN_POINT('',(3.8,8.737595245399E-17,9.33));
#807 = DIRECTION('',(-4.930380657631E-31,-1.632186346944E-32,1.));
#808 = DIRECTION('',(1.,0.,4.930380657631E-31));
#809 = ADVANCED_FACE('',(#810),#813,.F.);
#810 = FACE_BOUND('',#811,.F.);
#811 = EDGE_LOOP('',(#812));
#812 = ORIENTED_EDGE('',*,*,#752,.T.);
#813 = PLANE('',#814);
#814 = AXIS2_PLACEMENT_3D('',#815,#816,#817);
#815 = CARTESIAN_POINT('',(-1.18701400394E-17,2.911085817041E-17,-3.));
#816 = DIRECTION('',(0.,0.,1.));
#817 = DIRECTION('',(1.,0.,-0.));
#818 = ADVANCED_FACE('',(#819),#822,.F.);
#819 = FACE_BOUND('',#820,.F.);
#820 = EDGE_LOOP('',(#821));
#821 = ORIENTED_EDGE('',*,*,#778,.T.);
#822 = PLANE('',#823);
#823 = AXIS2_PLACEMENT_3D('',#824,#825,#826);
#824 = CARTESIAN_POINT('',(7.6,-1.836970198721E-17,-3.));
#825 = DIRECTION('',(-1.19708830782E-30,3.357113761597E-32,1.));
#826 = DIRECTION('',(1.,0.,1.19708830782E-30));
#827 = ( GEOMETRIC_REPRESENTATION_CONTEXT(3) 
GLOBAL_UNCERTAINTY_ASSIGNED_CONTEXT((#831)) GLOBAL_UNIT_ASSIGNED_CONTEXT
((#828,#829,#830)) REPRESENTATION_CONTEXT('Context #1',
  '3D Context with UNIT and UNCERTAINTY') );
#828 = ( LENGTH_UNIT() NAMED_UNIT(*) SI_UNIT(.MILLI.,.METRE.) );
#829 = ( NAMED_UNIT(*) PLANE_ANGLE_UNIT() SI_UNIT($,.RADIAN.) );
#830 = ( NAMED_UNIT(*) SI_UNIT($,.STERADIAN.) SOLID_ANGLE_UNIT() );
#831 = UNCERTAINTY_MEASURE_WITH_UNIT(LENGTH_MEASURE(1.E-07),#828,
  'distance_accuracy_value','confusion accuracy');
#832 = CONTEXT_DEPENDENT_SHAPE_REPRESENTATION(#833,#835);
#833 = ( REPRESENTATION_RELATIONSHIP('','',#534,#511) 
REPRESENTATION_RELATIONSHIP_WITH_TRANSFORMATION(#834) 
SHAPE_REPRESENTATION_RELATIONSHIP() );
#834 = ITEM_DEFINED_TRANSFORMATION('','',#11,#512);
#835 = PRODUCT_DEFINITION_SHAPE('Placement','Placement of an item',#836
  );
#836 = NEXT_ASSEMBLY_USAGE_OCCURRENCE('3','=>[0:1:1:5]','',#506,#529,$);
#837 = PRODUCT_RELATED_PRODUCT_CATEGORY('part',$,(#531));
#838 = SHAPE_DEFINITION_REPRESENTATION(#839,#845);
#839 = PRODUCT_DEFINITION_SHAPE('','',#840);
#840 = PRODUCT_DEFINITION('design','',#841,#844);
#841 = PRODUCT_DEFINITION_FORMATION('','',#842);
#842 = PRODUCT('R_Axial_DIN0207_L6.3mm_D2.5mm_P7.62mm_Horizontal',
  'R_Axial_DIN0207_L6.3mm_D2.5mm_P7.62mm_Horizontal','',(#843));
#843 = PRODUCT_CONTEXT('',#2,'mechanical');
#844 = PRODUCT_DEFINITION_CONTEXT('part definition',#2,'design');
#845 = SHAPE_REPRESENTATION('',(#11,#846),#850);
#846 = AXIS2_PLACEMENT_3D('',#847,#848,#849);
#847 = CARTESIAN_POINT('',(0.,0.,0.));
#848 = DIRECTION('',(0.,0.,1.));
#849 = DIRECTION('',(1.,0.,-0.));
#850 = ( GEOMETRIC_REPRESENTATION_CONTEXT(3) 
GLOBAL_UNCERTAINTY_ASSIGNED_CONTEXT((#854)) GLOBAL_UNIT_ASSIGNED_CONTEXT
((#851,#852,#853)) REPRESENTATION_CONTEXT('Context #1',
  '3D Context with UNIT and UNCERTAINTY') );
#851 = ( LENGTH_UNIT() NAMED_UNIT(*) SI_UNIT(.MILLI.,.METRE.) );
#852 = ( NAMED_UNIT(*) PLANE_ANGLE_UNIT() SI_UNIT($,.RADIAN.) );
#853 = ( NAMED_UNIT(*) SI_UNIT($,.STERADIAN.) SOLID_ANGLE_UNIT() );
#854 = UNCERTAINTY_MEASURE_WITH_UNIT(LENGTH_MEASURE(1.E-07),#851,
  'distance_accuracy_value','confusion accuracy');
#855 = CONTEXT_DEPENDENT_SHAPE_REPRESENTATION(#856,#858);
#856 = ( REPRESENTATION_RELATIONSHIP('','',#845,#10) 
REPRESENTATION_RELATIONSHIP_WITH_TRANSFORMATION(#857) 
SHAPE_REPRESENTATION_RELATIONSHIP() );
#857 = ITEM_DEFINED_TRANSFORMATION('','',#11,#23);
#858 = PRODUCT_DEFINITION_SHAPE('Placement','Placement of an item',#859
  );
#859 = NEXT_ASSEMBLY_USAGE_OCCURRENCE('6','R1','',#5,#840,$);
#860 = PRODUCT_RELATED_PRODUCT_CATEGORY('part',$,(#842));
#861 = SHAPE_DEFINITION_REPRESENTATION(#862,#868);
#862 = PRODUCT_DEFINITION_SHAPE('','',#863);
#863 = PRODUCT_DEFINITION('design','',#864,#867);
#864 = PRODUCT_DEFINITION_FORMATION('','',#865);
#865 = PRODUCT('R_Axial_DIN0207_L63mm_D25mm_P762mm_Horizontal',
  'R_Axial_DIN0207_L63mm_D25mm_P762mm_Horizontal','',(#866));
#866 = PRODUCT_CONTEXT('',#2,'mechanical');
#867 = PRODUCT_DEFINITION_CONTEXT('part definition',#2,'design');
#868 = ADVANCED_BREP_SHAPE_REPRESENTATION('',(#11,#869),#1532);
#869 = MANIFOLD_SOLID_BREP('',#870);
#870 = CLOSED_SHELL('',(#871,#904,#930,#950,#1133,#1158,#1184,#1204,
    #1229,#1254,#1263,#1289,#1472,#1498,#1523));
#871 = ADVANCED_FACE('',(#872),#899,.T.);
#872 = FACE_BOUND('',#873,.T.);
#873 = EDGE_LOOP('',(#874,#883,#891,#898));
#874 = ORIENTED_EDGE('',*,*,#875,.T.);
#875 = EDGE_CURVE('',#876,#876,#878,.T.);
#876 = VERTEX_POINT('',#877);
#877 = CARTESIAN_POINT('',(1.285,1.25,1.25));
#878 = CIRCLE('',#879,1.25);
#879 = AXIS2_PLACEMENT_3D('',#880,#881,#882);
#880 = CARTESIAN_POINT('',(1.285,0.,1.25));
#881 = DIRECTION('',(1.,0.,0.));
#882 = DIRECTION('',(-0.,1.,0.));
#883 = ORIENTED_EDGE('',*,*,#884,.T.);
#884 = EDGE_CURVE('',#876,#885,#887,.T.);
#885 = VERTEX_POINT('',#886);
#886 = CARTESIAN_POINT('',(2.235,1.25,1.25));
#887 = LINE('',#888,#889);
#888 = CARTESIAN_POINT('',(0.66,1.25,1.25));
#889 = VECTOR('',#890,1.);
#890 = DIRECTION('',(1.,0.,0.));
#891 = ORIENTED_EDGE('',*,*,#892,.F.);
#892 = EDGE_CURVE('',#885,#885,#893,.T.);
#893 = CIRCLE('',#894,1.25);
#894 = AXIS2_PLACEMENT_3D('',#895,#896,#897);
#895 = CARTESIAN_POINT('',(2.235,0.,1.25));
#896 = DIRECTION('',(1.,0.,0.));
#897 = DIRECTION('',(-0.,1.,0.));
#898 = ORIENTED_EDGE('',*,*,#884,.F.);
#899 = CYLINDRICAL_SURFACE('',#900,1.25);
#900 = AXIS2_PLACEMENT_3D('',#901,#902,#903);
#901 = CARTESIAN_POINT('',(0.66,0.,1.25));
#902 = DIRECTION('',(-1.,-0.,-0.));
#903 = DIRECTION('',(0.,1.,0.));
#904 = ADVANCED_FACE('',(#905),#925,.T.);
#905 = FACE_BOUND('',#906,.T.);
#906 = EDGE_LOOP('',(#907,#916,#923,#924));
#907 = ORIENTED_EDGE('',*,*,#908,.T.);
#908 = EDGE_CURVE('',#909,#909,#911,.T.);
#909 = VERTEX_POINT('',#910);
#910 = CARTESIAN_POINT('',(0.66,0.625,1.25));
#911 = CIRCLE('',#912,0.625);
#912 = AXIS2_PLACEMENT_3D('',#913,#914,#915);
#913 = CARTESIAN_POINT('',(0.66,0.,1.25));
#914 = DIRECTION('',(1.,0.,0.));
#915 = DIRECTION('',(-0.,1.,0.));
#916 = ORIENTED_EDGE('',*,*,#917,.F.);
#917 = EDGE_CURVE('',#876,#909,#918,.T.);
#918 = CIRCLE('',#919,0.625);
#919 = AXIS2_PLACEMENT_3D('',#920,#921,#922);
#920 = CARTESIAN_POINT('',(1.285,0.625,1.25));
#921 = DIRECTION('',(0.,-0.,1.));
#922 = DIRECTION('',(0.,1.,0.));
#923 = ORIENTED_EDGE('',*,*,#875,.F.);
#924 = ORIENTED_EDGE('',*,*,#917,.T.);
#925 = TOROIDAL_SURFACE('',#926,0.625,0.625);
#926 = AXIS2_PLACEMENT_3D('',#927,#928,#929);
#927 = CARTESIAN_POINT('',(1.285,0.,1.25));
#928 = DIRECTION('',(-1.,0.,0.));
#929 = DIRECTION('',(0.,1.,0.));
#930 = ADVANCED_FACE('',(#931,#934),#945,.F.);
#931 = FACE_BOUND('',#932,.F.);
#932 = EDGE_LOOP('',(#933));
#933 = ORIENTED_EDGE('',*,*,#892,.F.);
#934 = FACE_BOUND('',#935,.F.);
#935 = EDGE_LOOP('',(#936));
#936 = ORIENTED_EDGE('',*,*,#937,.F.);
#937 = EDGE_CURVE('',#938,#938,#940,.T.);
#938 = VERTEX_POINT('',#939);
#939 = CARTESIAN_POINT('',(2.235,1.125,1.25));
#940 = CIRCLE('',#941,1.125);
#941 = AXIS2_PLACEMENT_3D('',#942,#943,#944);
#942 = CARTESIAN_POINT('',(2.235,0.,1.25));
#943 = DIRECTION('',(-1.,0.,0.));
#944 = DIRECTION('',(0.,1.,0.));
#945 = PLANE('',#946);
#946 = AXIS2_PLACEMENT_3D('',#947,#948,#949);
#947 = CARTESIAN_POINT('',(2.235,1.25,1.25));
#948 = DIRECTION('',(-1.,0.,0.));
#949 = DIRECTION('',(0.,0.,-1.));
#950 = ADVANCED_FACE('',(#951,#954),#1128,.T.);
#951 = FACE_BOUND('',#952,.T.);
#952 = EDGE_LOOP('',(#953));
#953 = ORIENTED_EDGE('',*,*,#908,.F.);
#954 = FACE_BOUND('',#955,.T.);
#955 = EDGE_LOOP('',(#956));
#956 = ORIENTED_EDGE('',*,*,#957,.F.);
#957 = EDGE_CURVE('',#958,#958,#960,.T.);
#958 = VERTEX_POINT('',#959);
#959 = CARTESIAN_POINT('',(0.66,1.102182119233E-16,0.899909083395));
#960 = B_SPLINE_CURVE_WITH_KNOTS('',6,(#961,#962,#963,#964,#965,#966,
    #967,#968,#969,#970,#971,#972,#973,#974,#975,#976,#977,#978,#979,
    #980,#981,#982,#983,#984,#985,#986,#987,#988,#989,#990,#991,#992,
    #993,#994,#995,#996,#997,#998,#999,#1000,#1001,#1002,#1003,#1004,
    #1005,#1006,#1007,#1008,#1009,#1010,#1011,#1012,#1013,#1014,#1015,
    #1016,#1017,#1018,#1019,#1020,#1021,#1022,#1023,#1024,#1025,#1026,
    #1027,#1028,#1029,#1030,#1031,#1032,#1033,#1034,#1035,#1036,#1037,
    #1038,#1039,#1040,#1041,#1042,#1043,#1044,#1045,#1046,#1047,#1048,
    #1049,#1050,#1051,#1052,#1053,#1054,#1055,#1056,#1057,#1058,#1059,
    #1060,#1061,#1062,#1063,#1064,#1065,#1066,#1067,#1068,#1069,#1070,
    #1071,#1072,#1073,#1074,#1075,#1076,#1077,#1078,#1079,#1080,#1081,
    #1082,#1083,#1084,#1085,#1086,#1087,#1088,#1089,#1090,#1091,#1092,
    #1093,#1094,#1095,#1096,#1097,#1098,#1099,#1100,#1101,#1102,#1103,
    #1104,#1105,#1106,#1107,#1108,#1109,#1110,#1111,#1112,#1113,#1114,
    #1115,#1116,#1117,#1118,#1119,#1120,#1121,#1122,#1123,#1124,#1125,
    #1126,#1127),.UNSPECIFIED.,.T.,.F.,(1,6,5,5,5,5,5,5,5,5,5,5,5,5,5,5,
    5,5,5,5,5,5,5,5,5,5,5,5,5,5,5,5,5,5,6,1),(-3.7441643477E-02,0.,
    2.521870323933E-02,5.431496394384E-02,8.648919549843E-02,
    0.120700162351,0.155854554579,0.191019956077,0.22552099352,
    0.258944151729,0.291091798271,0.321919308947,0.351475044446,
    0.379851974729,0.407153625953,0.43347490921,0.458900868731,
    0.483545347382,0.505902822615,0.530283950565,0.555351989471,
    0.581274789002,0.608140584187,0.636038742308,0.665070462617,
    0.695336577837,0.72690990423,0.759792997252,0.79386262098,
    0.828806470397,0.864066503475,0.898816439436,0.932013287381,
    0.962558356523,1.,1.025218703239),.UNSPECIFIED.);
#961 = CARTESIAN_POINT('',(0.66,0.,0.899909083395));
#962 = CARTESIAN_POINT('',(0.66,-9.861963323296E-03,0.899909084471));
#963 = CARTESIAN_POINT('',(0.66,-1.960383099012E-02,0.900333558971));
#964 = CARTESIAN_POINT('',(0.66,-2.90667633729E-02,0.901163095205));
#965 = CARTESIAN_POINT('',(0.66,-3.818473840012E-02,0.902336888075));
#966 = CARTESIAN_POINT('',(0.66,-4.697555886318E-02,0.903805406252));
#967 = CARTESIAN_POINT('',(0.66,-6.541217845247E-02,0.907588617289));
#968 = CARTESIAN_POINT('',(0.66,-7.491989955217E-02,0.909985996381));
#969 = CARTESIAN_POINT('',(0.66,-8.408858685729E-02,0.912709602459));
#970 = CARTESIAN_POINT('',(0.66,-9.29431150905E-02,0.915726339128));
#971 = CARTESIAN_POINT('',(0.66,-0.101504886237,0.919011492948));
#972 = CARTESIAN_POINT('',(0.66,-0.118958160976,0.926453793498));
#973 = CARTESIAN_POINT('',(0.66,-0.127787740677,0.930666021227));
#974 = CARTESIAN_POINT('',(0.66,-0.136306213845,0.935155972835));
#975 = CARTESIAN_POINT('',(0.66,-0.144532125259,0.939904061777));
#976 = CARTESIAN_POINT('',(0.66,-0.152479834979,0.944895594586));
#977 = CARTESIAN_POINT('',(0.66,-0.168328675181,0.955672717204));
#978 = CARTESIAN_POINT('',(0.66,-0.176194628708,0.961488338811));
#979 = CARTESIAN_POINT('',(0.66,-0.183772627725,0.967551590964));
#980 = CARTESIAN_POINT('',(0.66,-0.191071921446,0.973851630909));
#981 = CARTESIAN_POINT('',(0.66,-0.19809849539,0.980379998969));
#982 = CARTESIAN_POINT('',(0.66,-0.211800252103,0.99406561399));
#983 = CARTESIAN_POINT('',(0.66,-0.218460183619,1.001235038361));
#984 = CARTESIAN_POINT('',(0.66,-0.224839916669,1.008630424477));
#985 = CARTESIAN_POINT('',(0.66,-0.230940302033,1.016245317007));
#986 = CARTESIAN_POINT('',(0.66,-0.236759778797,1.024074009311));
#987 = CARTESIAN_POINT('',(0.66,-0.247832030244,1.040150827903));
#988 = CARTESIAN_POINT('',(0.66,-0.253084597548,1.048398894868));
#989 = CARTESIAN_POINT('',(0.66,-0.258049056373,1.056850063306));
#990 = CARTESIAN_POINT('',(0.66,-0.262719990238,1.065498702059));
#991 = CARTESIAN_POINT('',(0.66,-0.267090249501,1.07433884651));
#992 = CARTESIAN_POINT('',(0.66,-0.275134936213,1.092219038761));
#993 = CARTESIAN_POINT('',(0.66,-0.278821023102,1.101251941956));
#994 = CARTESIAN_POINT('',(0.66,-0.282200792082,1.110456832947));
#995 = CARTESIAN_POINT('',(0.66,-0.285264705632,1.119826546568));
#996 = CARTESIAN_POINT('',(0.66,-0.288002108658,1.129352827713));
#997 = CARTESIAN_POINT('',(0.66,-0.29272539517,1.148397615962));
#998 = CARTESIAN_POINT('',(0.66,-0.29473218058,1.157906910826));
#999 = CARTESIAN_POINT('',(0.66,-0.296410836061,1.167545600214));
#1000 = CARTESIAN_POINT('',(0.66,-0.297750151594,1.177303530334));
#1001 = CARTESIAN_POINT('',(0.66,-0.298738455802,1.187169009313));
#1002 = CARTESIAN_POINT('',(0.66,-0.299964918417,1.206708514181));
#1003 = CARTESIAN_POINT('',(0.66,-0.300230384291,1.216375379318));
#1004 = CARTESIAN_POINT('',(0.66,-0.300149186912,1.226117491764));
#1005 = CARTESIAN_POINT('',(0.66,-0.299710710819,1.235921272022));
#1006 = CARTESIAN_POINT('',(0.66,-0.298904551758,1.245771471938));
#1007 = CARTESIAN_POINT('',(0.66,-0.296585103724,1.265125169703));
#1008 = CARTESIAN_POINT('',(0.66,-0.295102339165,1.274626258325));
#1009 = CARTESIAN_POINT('',(0.66,-0.293263240337,1.284139377081));
#1010 = CARTESIAN_POINT('',(0.66,-0.291059628806,1.293647957516));
#1011 = CARTESIAN_POINT('',(0.66,-0.288484130363,1.303133926208));
#1012 = CARTESIAN_POINT('',(0.66,-0.282698083788,1.321631884472));
#1013 = CARTESIAN_POINT('',(0.66,-0.279518227914,1.330647303479));
#1014 = CARTESIAN_POINT('',(0.66,-0.275984860345,1.33960658093));
#1015 = CARTESIAN_POINT('',(0.66,-0.272093455342,1.348491200819));
#1016 = CARTESIAN_POINT('',(0.66,-0.267840708483,1.357281511993));
#1017 = CARTESIAN_POINT('',(0.66,-0.258792476906,1.374285940745));
#1018 = CARTESIAN_POINT('',(0.66,-0.254025481533,1.382509111114));
#1019 = CARTESIAN_POINT('',(0.66,-0.248921768643,1.390607755283));
#1020 = CARTESIAN_POINT('',(0.66,-0.243480982245,1.398562700734));
#1021 = CARTESIAN_POINT('',(0.66,-0.237704192262,1.406354086406));
#1022 = CARTESIAN_POINT('',(0.66,-0.22571513259,1.421280378602));
#1023 = CARTESIAN_POINT('',(0.66,-0.219527706492,1.428429037341));
#1024 = CARTESIAN_POINT('',(0.66,-0.213033892817,1.435388992124));
#1025 = CARTESIAN_POINT('',(0.66,-0.206237433156,1.442141613477));
#1026 = CARTESIAN_POINT('',(0.66,-0.199143534101,1.448667989237));
#1027 = CARTESIAN_POINT('',(0.66,-0.184639374507,1.46100431938));
#1028 = CARTESIAN_POINT('',(0.66,-0.177249666015,1.466831638372));
#1029 = CARTESIAN_POINT('',(0.66,-0.169595736209,1.472413656662));
#1030 = CARTESIAN_POINT('',(0.66,-0.161685054894,1.477733175901));
#1031 = CARTESIAN_POINT('',(0.66,-0.153526567249,1.482773024258));
#1032 = CARTESIAN_POINT('',(0.66,-0.137020407721,1.492097753386));
#1033 = CARTESIAN_POINT('',(0.66,-0.128688747003,1.496402530856));
#1034 = CARTESIAN_POINT('',(0.66,-0.12014499879,1.500414878928));
#1035 = CARTESIAN_POINT('',(0.66,-0.111400259626,1.504119593216));
#1036 = CARTESIAN_POINT('',(0.66,-0.102467435485,1.507501774849));
#1037 = CARTESIAN_POINT('',(0.66,-8.453493192811E-02,1.513498294635));
#1038 = CARTESIAN_POINT('',(0.66,-7.554639694304E-02,1.516132890753));
#1039 = CARTESIAN_POINT('',(0.66,-6.64085144705E-02,1.518437847791));
#1040 = CARTESIAN_POINT('',(0.66,-5.713783351899E-02,1.520400106432));
#1041 = CARTESIAN_POINT('',(0.66,-4.775488525608E-02,1.522007764907));
#1042 = CARTESIAN_POINT('',(0.66,-2.969295309097E-02,1.524379864025));
#1043 = CARTESIAN_POINT('',(0.66,-2.102888075484E-02,1.525208782901));
#1044 = CARTESIAN_POINT('',(0.66,-1.231401679426E-02,1.525730893697));
#1045 = CARTESIAN_POINT('',(0.66,-3.572675622322E-03,1.525941364018));
#1046 = CARTESIAN_POINT('',(0.66,5.168222805428E-03,1.525838983228));
#1047 = CARTESIAN_POINT('',(0.66,2.337847467049E-02,1.524978205181));
#1048 = CARTESIAN_POINT('',(0.66,3.284375814827E-02,1.524161190409));
#1049 = CARTESIAN_POINT('',(0.66,4.224166817951E-02,1.522980309203));
#1050 = CARTESIAN_POINT('',(0.66,5.154498116248E-02,1.52144453626));
#1051 = CARTESIAN_POINT('',(0.66,6.073223707979E-02,1.519565307122));
#1052 = CARTESIAN_POINT('',(0.66,7.909772773064E-02,1.515080653378));
#1053 = CARTESIAN_POINT('',(0.66,8.826753248322E-02,1.512456350085));
#1054 = CARTESIAN_POINT('',(0.66,9.727917108862E-02,1.509494369221));
#1055 = CARTESIAN_POINT('',(0.66,0.106117308319,1.506208374239));
#1056 = CARTESIAN_POINT('',(0.66,0.114768939441,1.502612541932));
#1057 = CARTESIAN_POINT('',(0.66,0.131966117695,1.494697909774));
#1058 = CARTESIAN_POINT('',(0.66,0.140497702999,1.490358571609));
#1059 = CARTESIAN_POINT('',(0.66,0.148806061897,1.485719660214));
#1060 = CARTESIAN_POINT('',(0.66,0.156880650792,1.480797427009));
#1061 = CARTESIAN_POINT('',(0.66,0.164712466725,1.47560826256));
#1062 = CARTESIAN_POINT('',(0.66,0.180151423764,1.464531255078));
#1063 = CARTESIAN_POINT('',(0.66,0.187739958872,1.458624810593));
#1064 = CARTESIAN_POINT('',(0.66,0.195051326582,1.452467732556));
#1065 = CARTESIAN_POINT('',(0.66,0.202078661493,1.446078253645));
#1066 = CARTESIAN_POINT('',(0.66,0.208816558921,1.439474469779));
#1067 = CARTESIAN_POINT('',(0.66,0.221953232148,1.425612904145));
#1068 = CARTESIAN_POINT('',(0.66,0.228328983313,1.41833967682));
#1069 = CARTESIAN_POINT('',(0.66,0.234383958936,1.410874731309));
#1070 = CARTESIAN_POINT('',(0.66,0.240115246881,1.403237638329));
#1071 = CARTESIAN_POINT('',(0.66,0.245521392347,1.395447466144));
#1072 = CARTESIAN_POINT('',(0.66,0.255889855564,1.379276097975));
#1073 = CARTESIAN_POINT('',(0.66,0.260825146013,1.370883681886));
#1074 = CARTESIAN_POINT('',(0.66,0.265408341569,1.362366377835));
#1075 = CARTESIAN_POINT('',(0.66,0.269640849736,1.353744088225));
#1076 = CARTESIAN_POINT('',(0.66,0.273525413156,1.345035772328));
#1077 = CARTESIAN_POINT('',(0.66,0.280757352367,1.327109961101));
#1078 = CARTESIAN_POINT('',(0.66,0.284074759274,1.317886517643));
#1079 = CARTESIAN_POINT('',(0.66,0.287023012024,1.308609403309));
#1080 = CARTESIAN_POINT('',(0.66,0.289607802772,1.299297542852));
#1081 = CARTESIAN_POINT('',(0.66,0.291835834134,1.289968498384));
#1082 = CARTESIAN_POINT('',(0.66,0.295674958709,1.270905470981));
#1083 = CARTESIAN_POINT('',(0.66,0.297255116553,1.261171411794));
#1084 = CARTESIAN_POINT('',(0.66,0.298464074992,1.251454521799));
#1085 = CARTESIAN_POINT('',(0.66,0.299311100714,1.241771401083));
#1086 = CARTESIAN_POINT('',(0.66,0.299805944827,1.232137019844));
#1087 = CARTESIAN_POINT('',(0.66,0.30011808361,1.212595326012));
#1088 = CARTESIAN_POINT('',(0.66,0.299906283631,1.202693348802));
#1089 = CARTESIAN_POINT('',(0.66,0.299334987113,1.192873693594));
#1090 = CARTESIAN_POINT('',(0.66,0.298415571185,1.183149633751));
#1091 = CARTESIAN_POINT('',(0.66,0.297159245916,1.173532809156));
#1092 = CARTESIAN_POINT('',(0.66,0.293937772017,1.154190866917));
#1093 = CARTESIAN_POINT('',(0.66,0.291948568133,1.144474505513));
#1094 = CARTESIAN_POINT('',(0.66,0.289621677512,1.134895129825));
#1095 = CARTESIAN_POINT('',(0.66,0.286968496105,1.125462405282));
#1096 = CARTESIAN_POINT('',(0.66,0.283999580964,1.116184674916));
#1097 = CARTESIAN_POINT('',(0.66,0.277365684897,1.097719334783));
#1098 = CARTESIAN_POINT('',(0.66,0.273684712853,1.08854034335));
#1099 = CARTESIAN_POINT('',(0.66,0.269692176119,1.079539433524));
#1100 = CARTESIAN_POINT('',(0.66,0.265397048483,1.07072335418));
#1101 = CARTESIAN_POINT('',(0.66,0.260806835513,1.062098154612));
#1102 = CARTESIAN_POINT('',(0.66,0.251004164416,1.045163946312));
#1103 = CARTESIAN_POINT('',(0.66,0.245786379559,1.036858764173));
#1104 = CARTESIAN_POINT('',(0.66,0.240280407048,1.028758964174));
#1105 = CARTESIAN_POINT('',(0.66,0.234490342534,1.020870115558));
#1106 = CARTESIAN_POINT('',(0.66,0.228418190257,1.013198030747));
#1107 = CARTESIAN_POINT('',(0.66,0.215801462132,0.998407266407));
#1108 = CARTESIAN_POINT('',(0.66,0.209265037039,0.991282398269));
#1109 = CARTESIAN_POINT('',(0.66,0.202454011648,0.98438004474));
#1110 = CARTESIAN_POINT('',(0.66,0.195365844133,0.977707070031));
#1111 = CARTESIAN_POINT('',(0.66,0.187995125017,0.971271927442));
#1112 = CARTESIAN_POINT('',(0.66,0.173012685338,0.959175110633));
#1113 = CARTESIAN_POINT('',(0.66,0.165426730288,0.953491920673));
#1114 = CARTESIAN_POINT('',(0.66,0.157566473117,0.948044968651));
#1115 = CARTESIAN_POINT('',(0.66,0.149421191466,0.9428457983));
#1116 = CARTESIAN_POINT('',(0.66,0.140976348171,0.937909629891));
#1117 = CARTESIAN_POINT('',(0.66,0.124148062588,0.928975570166));
#1118 = CARTESIAN_POINT('',(0.66,0.115814079383,0.924934455913));
#1119 = CARTESIAN_POINT('',(0.66,0.107194119667,0.921149233675));
#1120 = CARTESIAN_POINT('',(0.66,9.826941158436E-02,0.91763978502));
#1121 = CARTESIAN_POINT('',(0.66,8.901687105598E-02,0.914432779149));
#1122 = CARTESIAN_POINT('',(0.66,6.762842160337E-02,0.908048369916));
#1123 = CARTESIAN_POINT('',(0.66,5.540310162877E-02,0.905067930004));
#1124 = CARTESIAN_POINT('',(0.66,4.253150709481E-02,0.902628405907));
#1125 = CARTESIAN_POINT('',(0.66,2.893757304003E-02,0.900850137762));
#1126 = CARTESIAN_POINT('',(0.66,1.468319780375E-02,0.899909084997));
#1127 = CARTESIAN_POINT('',(0.66,0.,0.899909083395));
#1128 = PLANE('',#1129);
#1129 = AXIS2_PLACEMENT_3D('',#1130,#1131,#1132);
#1130 = CARTESIAN_POINT('',(0.66,1.25,1.25));
#1131 = DIRECTION('',(-1.,0.,0.));
#1132 = DIRECTION('',(0.,0.,-1.));
#1133 = ADVANCED_FACE('',(#1134),#1153,.T.);
#1134 = FACE_BOUND('',#1135,.T.);
#1135 = EDGE_LOOP('',(#1136,#1145,#1151,#1152));
#1136 = ORIENTED_EDGE('',*,*,#1137,.T.);
#1137 = EDGE_CURVE('',#1138,#1138,#1140,.T.);
#1138 = VERTEX_POINT('',#1139);
#1139 = CARTESIAN_POINT('',(5.385,1.125,1.25));
#1140 = CIRCLE('',#1141,1.125);
#1141 = AXIS2_PLACEMENT_3D('',#1142,#1143,#1144);
#1142 = CARTESIAN_POINT('',(5.385,0.,1.25));
#1143 = DIRECTION('',(-1.,0.,0.));
#1144 = DIRECTION('',(0.,1.,0.));
#1145 = ORIENTED_EDGE('',*,*,#1146,.F.);
#1146 = EDGE_CURVE('',#938,#1138,#1147,.T.);
#1147 = LINE('',#1148,#1149);
#1148 = CARTESIAN_POINT('',(0.66,1.125,1.25));
#1149 = VECTOR('',#1150,1.);
#1150 = DIRECTION('',(1.,0.,0.));
#1151 = ORIENTED_EDGE('',*,*,#937,.F.);
#1152 = ORIENTED_EDGE('',*,*,#1146,.T.);
#1153 = CYLINDRICAL_SURFACE('',#1154,1.125);
#1154 = AXIS2_PLACEMENT_3D('',#1155,#1156,#1157);
#1155 = CARTESIAN_POINT('',(0.66,0.,1.25));
#1156 = DIRECTION('',(-1.,-0.,-0.));
#1157 = DIRECTION('',(0.,1.,0.));
#1158 = ADVANCED_FACE('',(#1159),#1179,.T.);
#1159 = FACE_BOUND('',#1160,.T.);
#1160 = EDGE_LOOP('',(#1161,#1170,#1177,#1178));
#1161 = ORIENTED_EDGE('',*,*,#1162,.T.);
#1162 = EDGE_CURVE('',#1163,#1163,#1165,.T.);
#1163 = VERTEX_POINT('',#1164);
#1164 = CARTESIAN_POINT('',(0.3,0.,0.35));
#1165 = CIRCLE('',#1166,0.3);
#1166 = AXIS2_PLACEMENT_3D('',#1167,#1168,#1169);
#1167 = CARTESIAN_POINT('',(0.,0.,0.35));
#1168 = DIRECTION('',(0.,0.,1.));
#1169 = DIRECTION('',(1.,0.,-0.));
#1170 = ORIENTED_EDGE('',*,*,#1171,.T.);
#1171 = EDGE_CURVE('',#1163,#958,#1172,.T.);
#1172 = CIRCLE('',#1173,0.6);
#1173 = AXIS2_PLACEMENT_3D('',#1174,#1175,#1176);
#1174 = CARTESIAN_POINT('',(0.9,1.102182119233E-16,0.35));
#1175 = DIRECTION('',(0.,1.,-0.));
#1176 = DIRECTION('',(-1.,0.,4.93432455389E-16));
#1177 = ORIENTED_EDGE('',*,*,#957,.T.);
#1178 = ORIENTED_EDGE('',*,*,#1171,.F.);
#1179 = TOROIDAL_SURFACE('',#1180,0.9,0.3);
#1180 = AXIS2_PLACEMENT_3D('',#1181,#1182,#1183);
#1181 = CARTESIAN_POINT('',(0.9,0.,0.35));
#1182 = DIRECTION('',(0.,1.,0.));
#1183 = DIRECTION('',(-1.,0.,4.93432455389E-16));
#1184 = ADVANCED_FACE('',(#1185,#1196),#1199,.T.);
#1185 = FACE_BOUND('',#1186,.T.);
#1186 = EDGE_LOOP('',(#1187));
#1187 = ORIENTED_EDGE('',*,*,#1188,.F.);
#1188 = EDGE_CURVE('',#1189,#1189,#1191,.T.);
#1189 = VERTEX_POINT('',#1190);
#1190 = CARTESIAN_POINT('',(5.385,1.25,1.25));
#1191 = CIRCLE('',#1192,1.25);
#1192 = AXIS2_PLACEMENT_3D('',#1193,#1194,#1195);
#1193 = CARTESIAN_POINT('',(5.385,0.,1.25));
#1194 = DIRECTION('',(1.,0.,0.));
#1195 = DIRECTION('',(-0.,1.,0.));
#1196 = FACE_BOUND('',#1197,.T.);
#1197 = EDGE_LOOP('',(#1198));
#1198 = ORIENTED_EDGE('',*,*,#1137,.F.);
#1199 = PLANE('',#1200);
#1200 = AXIS2_PLACEMENT_3D('',#1201,#1202,#1203);
#1201 = CARTESIAN_POINT('',(5.385,1.25,1.25));
#1202 = DIRECTION('',(-1.,0.,0.));
#1203 = DIRECTION('',(0.,0.,-1.));
#1204 = ADVANCED_FACE('',(#1205),#1224,.T.);
#1205 = FACE_BOUND('',#1206,.T.);
#1206 = EDGE_LOOP('',(#1207,#1215,#1216,#1217));
#1207 = ORIENTED_EDGE('',*,*,#1208,.T.);
#1208 = EDGE_CURVE('',#1209,#1163,#1211,.T.);
#1209 = VERTEX_POINT('',#1210);
#1210 = CARTESIAN_POINT('',(0.3,-7.347880794884E-17,-3.));
#1211 = LINE('',#1212,#1213);
#1212 = CARTESIAN_POINT('',(0.3,0.,-3.));
#1213 = VECTOR('',#1214,1.);
#1214 = DIRECTION('',(0.,0.,1.));
#1215 = ORIENTED_EDGE('',*,*,#1162,.F.);
#1216 = ORIENTED_EDGE('',*,*,#1208,.F.);
#1217 = ORIENTED_EDGE('',*,*,#1218,.T.);
#1218 = EDGE_CURVE('',#1209,#1209,#1219,.T.);
#1219 = CIRCLE('',#1220,0.3);
#1220 = AXIS2_PLACEMENT_3D('',#1221,#1222,#1223);
#1221 = CARTESIAN_POINT('',(0.,0.,-3.));
#1222 = DIRECTION('',(0.,0.,1.));
#1223 = DIRECTION('',(1.,0.,-0.));
#1224 = CYLINDRICAL_SURFACE('',#1225,0.3);
#1225 = AXIS2_PLACEMENT_3D('',#1226,#1227,#1228);
#1226 = CARTESIAN_POINT('',(0.,0.,-3.));
#1227 = DIRECTION('',(0.,0.,1.));
#1228 = DIRECTION('',(1.,0.,-0.));
#1229 = ADVANCED_FACE('',(#1230),#1249,.T.);
#1230 = FACE_BOUND('',#1231,.T.);
#1231 = EDGE_LOOP('',(#1232,#1233,#1241,#1248));
#1232 = ORIENTED_EDGE('',*,*,#1188,.T.);
#1233 = ORIENTED_EDGE('',*,*,#1234,.T.);
#1234 = EDGE_CURVE('',#1189,#1235,#1237,.T.);
#1235 = VERTEX_POINT('',#1236);
#1236 = CARTESIAN_POINT('',(6.335,1.25,1.25));
#1237 = LINE('',#1238,#1239);
#1238 = CARTESIAN_POINT('',(5.385,1.25,1.25));
#1239 = VECTOR('',#1240,1.);
#1240 = DIRECTION('',(1.,0.,0.));
#1241 = ORIENTED_EDGE('',*,*,#1242,.F.);
#1242 = EDGE_CURVE('',#1235,#1235,#1243,.T.);
#1243 = CIRCLE('',#1244,1.25);
#1244 = AXIS2_PLACEMENT_3D('',#1245,#1246,#1247);
#1245 = CARTESIAN_POINT('',(6.335,0.,1.25));
#1246 = DIRECTION('',(1.,0.,0.));
#1247 = DIRECTION('',(-0.,1.,0.));
#1248 = ORIENTED_EDGE('',*,*,#1234,.F.);
#1249 = CYLINDRICAL_SURFACE('',#1250,1.25);
#1250 = AXIS2_PLACEMENT_3D('',#1251,#1252,#1253);
#1251 = CARTESIAN_POINT('',(5.385,0.,1.25));
#1252 = DIRECTION('',(-1.,-0.,-0.));
#1253 = DIRECTION('',(0.,1.,0.));
#1254 = ADVANCED_FACE('',(#1255),#1258,.T.);
#1255 = FACE_BOUND('',#1256,.F.);
#1256 = EDGE_LOOP('',(#1257));
#1257 = ORIENTED_EDGE('',*,*,#1218,.T.);
#1258 = PLANE('',#1259);
#1259 = AXIS2_PLACEMENT_3D('',#1260,#1261,#1262);
#1260 = CARTESIAN_POINT('',(0.3,0.,-3.));
#1261 = DIRECTION('',(0.,0.,-1.));
#1262 = DIRECTION('',(-1.,0.,0.));
#1263 = ADVANCED_FACE('',(#1264),#1284,.T.);
#1264 = FACE_BOUND('',#1265,.T.);
#1265 = EDGE_LOOP('',(#1266,#1275,#1276,#1277));
#1266 = ORIENTED_EDGE('',*,*,#1267,.F.);
#1267 = EDGE_CURVE('',#1235,#1268,#1270,.T.);
#1268 = VERTEX_POINT('',#1269);
#1269 = CARTESIAN_POINT('',(6.96,0.625,1.25));
#1270 = CIRCLE('',#1271,0.625);
#1271 = AXIS2_PLACEMENT_3D('',#1272,#1273,#1274);
#1272 = CARTESIAN_POINT('',(6.335,0.625,1.25));
#1273 = DIRECTION('',(0.,0.,-1.));
#1274 = DIRECTION('',(0.,1.,0.));
#1275 = ORIENTED_EDGE('',*,*,#1242,.T.);
#1276 = ORIENTED_EDGE('',*,*,#1267,.T.);
#1277 = ORIENTED_EDGE('',*,*,#1278,.F.);
#1278 = EDGE_CURVE('',#1268,#1268,#1279,.T.);
#1279 = CIRCLE('',#1280,0.625);
#1280 = AXIS2_PLACEMENT_3D('',#1281,#1282,#1283);
#1281 = CARTESIAN_POINT('',(6.96,0.,1.25));
#1282 = DIRECTION('',(1.,0.,0.));
#1283 = DIRECTION('',(-0.,1.,0.));
#1284 = TOROIDAL_SURFACE('',#1285,0.625,0.625);
#1285 = AXIS2_PLACEMENT_3D('',#1286,#1287,#1288);
#1286 = CARTESIAN_POINT('',(6.335,0.,1.25));
#1287 = DIRECTION('',(1.,0.,0.));
#1288 = DIRECTION('',(-0.,1.,0.));
#1289 = ADVANCED_FACE('',(#1290,#1293),#1467,.F.);
#1290 = FACE_BOUND('',#1291,.F.);
#1291 = EDGE_LOOP('',(#1292));
#1292 = ORIENTED_EDGE('',*,*,#1278,.F.);
#1293 = FACE_BOUND('',#1294,.F.);
#1294 = EDGE_LOOP('',(#1295));
#1295 = ORIENTED_EDGE('',*,*,#1296,.F.);
#1296 = EDGE_CURVE('',#1297,#1297,#1299,.T.);
#1297 = VERTEX_POINT('',#1298);
#1298 = CARTESIAN_POINT('',(6.96,1.102182119233E-16,0.899909083395));
#1299 = B_SPLINE_CURVE_WITH_KNOTS('',6,(#1300,#1301,#1302,#1303,#1304,
    #1305,#1306,#1307,#1308,#1309,#1310,#1311,#1312,#1313,#1314,#1315,
    #1316,#1317,#1318,#1319,#1320,#1321,#1322,#1323,#1324,#1325,#1326,
    #1327,#1328,#1329,#1330,#1331,#1332,#1333,#1334,#1335,#1336,#1337,
    #1338,#1339,#1340,#1341,#1342,#1343,#1344,#1345,#1346,#1347,#1348,
    #1349,#1350,#1351,#1352,#1353,#1354,#1355,#1356,#1357,#1358,#1359,
    #1360,#1361,#1362,#1363,#1364,#1365,#1366,#1367,#1368,#1369,#1370,
    #1371,#1372,#1373,#1374,#1375,#1376,#1377,#1378,#1379,#1380,#1381,
    #1382,#1383,#1384,#1385,#1386,#1387,#1388,#1389,#1390,#1391,#1392,
    #1393,#1394,#1395,#1396,#1397,#1398,#1399,#1400,#1401,#1402,#1403,
    #1404,#1405,#1406,#1407,#1408,#1409,#1410,#1411,#1412,#1413,#1414,
    #1415,#1416,#1417,#1418,#1419,#1420,#1421,#1422,#1423,#1424,#1425,
    #1426,#1427,#1428,#1429,#1430,#1431,#1432,#1433,#1434,#1435,#1436,
    #1437,#1438,#1439,#1440,#1441,#1442,#1443,#1444,#1445,#1446,#1447,
    #1448,#1449,#1450,#1451,#1452,#1453,#1454,#1455,#1456,#1457,#1458,
    #1459,#1460,#1461,#1462,#1463,#1464,#1465,#1466),.UNSPECIFIED.,.T.,
  .F.,(1,6,5,5,5,5,5,5,5,5,5,5,5,5,5,5,5,5,5,5,5,5,5,5,5,5,5,5,5,5,5,5,5
    ,5,6,1),(-3.7454922963E-02,0.,2.522151735631E-02,5.431626764274E-02,
    8.648932873413E-02,0.120698905604,0.15585219498,0.191016701755,
    0.225517033144,0.258939642143,0.291086884381,0.32191412294,
    0.351469698498,0.379846555914,0.407148198058,0.433469525493,
    0.458895614127,0.483540398702,0.505898369155,0.530279933853,
    0.555348100008,0.581270886766,0.608136607836,0.636034631737,
    0.665066137875,0.695331933304,0.726904811218,0.759787311372,
    0.793856187529,0.828799116201,0.864057997078,0.898806507422,
    0.932001552493,0.962545077037,1.,1.025221517356),.UNSPECIFIED.);
#1300 = CARTESIAN_POINT('',(6.96,0.,0.899909083395));
#1301 = CARTESIAN_POINT('',(6.96,-9.860167462582E-03,0.89990896861));
#1302 = CARTESIAN_POINT('',(6.96,-1.96044152314E-02,0.900333777569));
#1303 = CARTESIAN_POINT('',(6.96,-2.906856746895E-02,0.901162791225));
#1304 = CARTESIAN_POINT('',(6.96,-3.818494668051E-02,0.902337445313));
#1305 = CARTESIAN_POINT('',(6.96,-4.697397432956E-02,0.903804960014));
#1306 = CARTESIAN_POINT('',(6.96,-6.54122858756E-02,0.907588661461));
#1307 = CARTESIAN_POINT('',(6.96,-7.491985816654E-02,0.909985989386));
#1308 = CARTESIAN_POINT('',(6.96,-8.408849098391E-02,0.912709553602));
#1309 = CARTESIAN_POINT('',(6.96,-9.294310465939E-02,0.915726321464));
#1310 = CARTESIAN_POINT('',(6.96,-0.10150496885,0.919011549987));
#1311 = CARTESIAN_POINT('',(6.96,-0.118958221281,0.926453836747));
#1312 = CARTESIAN_POINT('',(6.96,-0.127787715696,0.930666010737));
#1313 = CARTESIAN_POINT('',(6.96,-0.136306161655,0.935155928941));
#1314 = CARTESIAN_POINT('',(6.96,-0.144532121634,0.939904049757));
#1315 = CARTESIAN_POINT('',(6.96,-0.152479877126,0.944895641374));
#1316 = CARTESIAN_POINT('',(6.96,-0.168328600516,0.955672815412));
#1317 = CARTESIAN_POINT('',(6.96,-0.176194773963,0.961488214941));
#1318 = CARTESIAN_POINT('',(6.96,-0.183772608747,0.967551566344));
#1319 = CARTESIAN_POINT('',(6.96,-0.191071765541,0.973851742068));
#1320 = CARTESIAN_POINT('',(6.96,-0.198098606692,0.980379951052));
#1321 = CARTESIAN_POINT('',(6.96,-0.211800202804,0.994065659178));
#1322 = CARTESIAN_POINT('',(6.96,-0.218460270558,1.001234983766));
#1323 = CARTESIAN_POINT('',(6.96,-0.224839910615,1.00863041136));
#1324 = CARTESIAN_POINT('',(6.96,-0.230940211566,1.016245364777));
#1325 = CARTESIAN_POINT('',(6.96,-0.236759839456,1.024073990789));
#1326 = CARTESIAN_POINT('',(6.96,-0.247832003876,1.040150861324));
#1327 = CARTESIAN_POINT('',(6.96,-0.253084568675,1.048398903269));
#1328 = CARTESIAN_POINT('',(6.96,-0.258049049185,1.05685004652));
#1329 = CARTESIAN_POINT('',(6.96,-0.2627200155,1.065498685566));
#1330 = CARTESIAN_POINT('',(6.96,-0.267090290802,1.074338848812));
#1331 = CARTESIAN_POINT('',(6.96,-0.275134913375,1.092219064394));
#1332 = CARTESIAN_POINT('',(6.96,-0.278821000575,1.10125194666));
#1333 = CARTESIAN_POINT('',(6.96,-0.282200788118,1.110456818481));
#1334 = CARTESIAN_POINT('',(6.96,-0.285264726102,1.119826534893));
#1335 = CARTESIAN_POINT('',(6.96,-0.288002139566,1.129352832871));
#1336 = CARTESIAN_POINT('',(6.96,-0.292725370416,1.148397637921));
#1337 = CARTESIAN_POINT('',(6.96,-0.29473215882,1.157906911838));
#1338 = CARTESIAN_POINT('',(6.96,-0.296410834199,1.16754558505));
#1339 = CARTESIAN_POINT('',(6.96,-0.297750172302,1.177303521997));
#1340 = CARTESIAN_POINT('',(6.96,-0.298738484134,1.187169019587));
#1341 = CARTESIAN_POINT('',(6.96,-0.29996489055,1.20670853133));
#1342 = CARTESIAN_POINT('',(6.96,-0.300230362775,1.216375375657));
#1343 = CARTESIAN_POINT('',(6.96,-0.300149187552,1.22611747583));
#1344 = CARTESIAN_POINT('',(6.96,-0.299710732489,1.235921267953));
#1345 = CARTESIAN_POINT('',(6.96,-0.298904577874,1.245771488577));
#1346 = CARTESIAN_POINT('',(6.96,-0.296585075031,1.265125180201));
#1347 = CARTESIAN_POINT('',(6.96,-0.295102319855,1.27462625024));
#1348 = CARTESIAN_POINT('',(6.96,-0.293263243612,1.284139361954));
#1349 = CARTESIAN_POINT('',(6.96,-0.29105964956,1.293647958229));
#1350 = CARTESIAN_POINT('',(6.96,-0.288484151749,1.303133947704));
#1351 = CARTESIAN_POINT('',(6.96,-0.282698057797,1.321631888118));
#1352 = CARTESIAN_POINT('',(6.96,-0.279518212828,1.330647292743));
#1353 = CARTESIAN_POINT('',(6.96,-0.275984865526,1.339606568389));
#1354 = CARTESIAN_POINT('',(6.96,-0.27209347283,1.348491205415));
#1355 = CARTESIAN_POINT('',(6.96,-0.26784072321,1.357281534804));
#1356 = CARTESIAN_POINT('',(6.96,-0.258792456003,1.374285939199));
#1357 = CARTESIAN_POINT('',(6.96,-0.254025471274,1.382509099941));
#1358 = CARTESIAN_POINT('',(6.96,-0.248921774536,1.390607746147));
#1359 = CARTESIAN_POINT('',(6.96,-0.24348099529,1.398562707415));
#1360 = CARTESIAN_POINT('',(6.96,-0.237704200488,1.406354107177));
#1361 = CARTESIAN_POINT('',(6.96,-0.225715116467,1.421280374005));
#1362 = CARTESIAN_POINT('',(6.96,-0.219527700064,1.428429026844));
#1363 = CARTESIAN_POINT('',(6.96,-0.213033898729,1.435388985848));
#1364 = CARTESIAN_POINT('',(6.96,-0.206237442407,1.442141620875));
#1365 = CARTESIAN_POINT('',(6.96,-0.199143537578,1.448668007007));
#1366 = CARTESIAN_POINT('',(6.96,-0.184639358866,1.461004311837));
#1367 = CARTESIAN_POINT('',(6.96,-0.177249661366,1.46683162664));
#1368 = CARTESIAN_POINT('',(6.96,-0.169595743404,1.472413651413));
#1369 = CARTESIAN_POINT('',(6.96,-0.161685063001,1.477733185029));
#1370 = CARTESIAN_POINT('',(6.96,-0.153526567552,1.482773042789));
#1371 = CARTESIAN_POINT('',(6.96,-0.137020377957,1.492097733275));
#1372 = CARTESIAN_POINT('',(6.96,-0.128688741655,1.496402506097));
#1373 = CARTESIAN_POINT('',(6.96,-0.120145015698,1.500414870926));
#1374 = CARTESIAN_POINT('',(6.96,-0.111400273136,1.504119613979));
#1375 = CARTESIAN_POINT('',(6.96,-0.102467429294,1.507501811642));
#1376 = CARTESIAN_POINT('',(6.96,-8.453487359643E-02,1.513498183633));
#1377 = CARTESIAN_POINT('',(6.96,-7.554644720911E-02,1.51613308184));
#1378 = CARTESIAN_POINT('',(6.96,-6.640854708582E-02,1.518437839156));
#1379 = CARTESIAN_POINT('',(6.96,-5.713780068804E-02,1.520399910874));
#1380 = CARTESIAN_POINT('',(6.96,-4.775487845774E-02,1.522007893513));
#1381 = CARTESIAN_POINT('',(6.96,-2.969292548283E-02,1.52437977876));
#1382 = CARTESIAN_POINT('',(6.96,-2.102889094976E-02,1.525208924822));
#1383 = CARTESIAN_POINT('',(6.96,-1.231404153143E-02,1.525730890851));
#1384 = CARTESIAN_POINT('',(6.96,-3.572679276074E-03,1.525941220805));
#1385 = CARTESIAN_POINT('',(6.96,5.168243033088E-03,1.52583907475));
#1386 = CARTESIAN_POINT('',(6.96,2.337844678287E-02,1.524978413229));
#1387 = CARTESIAN_POINT('',(6.96,3.284373024997E-02,1.524160868463));
#1388 = CARTESIAN_POINT('',(6.96,4.224172239025E-02,1.522980299422));
#1389 = CARTESIAN_POINT('',(6.96,5.154503802108E-02,1.521444853212));
#1390 = CARTESIAN_POINT('',(6.96,6.073215666605E-02,1.519565119195));
#1391 = CARTESIAN_POINT('',(6.96,7.909771199475E-02,1.515080715405));
#1392 = CARTESIAN_POINT('',(6.96,8.82675531125E-02,1.512456387335));
#1393 = CARTESIAN_POINT('',(6.96,9.727920151967E-02,1.509494357792));
#1394 = CARTESIAN_POINT('',(6.96,0.106117302403,1.506208331254));
#1395 = CARTESIAN_POINT('',(6.96,0.114768890523,1.502612503667));
#1396 = CARTESIAN_POINT('',(6.96,0.1319661163,1.494697932395));
#1397 = CARTESIAN_POINT('',(6.96,0.140497712216,1.490358583428));
#1398 = CARTESIAN_POINT('',(6.96,0.148806071355,1.485719654426));
#1399 = CARTESIAN_POINT('',(6.96,0.156880646133,1.480797412311));
#1400 = CARTESIAN_POINT('',(6.96,0.164712447986,1.475608252032));
#1401 = CARTESIAN_POINT('',(6.96,0.180151425777,1.46453127229));
#1402 = CARTESIAN_POINT('',(6.96,0.187739967164,1.45862481836));
#1403 = CARTESIAN_POINT('',(6.96,0.195051332691,1.452467727028));
#1404 = CARTESIAN_POINT('',(6.96,0.20207865613,1.446078243141));
#1405 = CARTESIAN_POINT('',(6.96,0.208816543867,1.439474464151));
#1406 = CARTESIAN_POINT('',(6.96,0.221953238059,1.425612923524));
#1407 = CARTESIAN_POINT('',(6.96,0.228328994524,1.418339683896));
#1408 = CARTESIAN_POINT('',(6.96,0.234383964852,1.410874723556));
#1409 = CARTESIAN_POINT('',(6.96,0.240115238483,1.403237627432));
#1410 = CARTESIAN_POINT('',(6.96,0.245521373748,1.395447463058));
#1411 = CARTESIAN_POINT('',(6.96,0.25588986733,1.379276120213));
#1412 = CARTESIAN_POINT('',(6.96,0.260825161615,1.370883687614));
#1413 = CARTESIAN_POINT('',(6.96,0.265408347201,1.362366366749));
#1414 = CARTESIAN_POINT('',(6.96,0.269640836772,1.353744077057));
#1415 = CARTESIAN_POINT('',(6.96,0.273525389215,1.345035773446));
#1416 = CARTESIAN_POINT('',(6.96,0.280757370989,1.327109983642));
#1417 = CARTESIAN_POINT('',(6.96,0.284074778857,1.317886520225));
#1418 = CARTESIAN_POINT('',(6.96,0.28702301626,1.308609389122));
#1419 = CARTESIAN_POINT('',(6.96,0.289607785113,1.29929753334));
#1420 = CARTESIAN_POINT('',(6.96,0.291835806202,1.289968505808));
#1421 = CARTESIAN_POINT('',(6.96,0.295674983107,1.270905490066));
#1422 = CARTESIAN_POINT('',(6.96,0.297255138129,1.261171409814));
#1423 = CARTESIAN_POINT('',(6.96,0.298464076807,1.251454505978));
#1424 = CARTESIAN_POINT('',(6.96,0.299311079865,1.241771395371));
#1425 = CARTESIAN_POINT('',(6.96,0.299805916194,1.232137034265));
#1426 = CARTESIAN_POINT('',(6.96,0.300118111197,1.212595339038));
#1427 = CARTESIAN_POINT('',(6.96,0.299906304864,1.202693342182));
#1428 = CARTESIAN_POINT('',(6.96,0.299334986276,1.192873677979));
#1429 = CARTESIAN_POINT('',(6.96,0.298415549391,1.183149632812));
#1430 = CARTESIAN_POINT('',(6.96,0.29715921972,1.173532829284));
#1431 = CARTESIAN_POINT('',(6.96,0.293937801394,1.154190874));
#1432 = CARTESIAN_POINT('',(6.96,0.291948588365,1.144474495238));
#1433 = CARTESIAN_POINT('',(6.96,0.28962167445,1.134895115228));
#1434 = CARTESIAN_POINT('',(6.96,0.286968474246,1.125462408515));
#1435 = CARTESIAN_POINT('',(6.96,0.283999557728,1.116184698885));
#1436 = CARTESIAN_POINT('',(6.96,0.277365720041,1.097719338125));
#1437 = CARTESIAN_POINT('',(6.96,0.273684735103,1.088540329457));
#1438 = CARTESIAN_POINT('',(6.96,0.269692170683,1.079539418357));
#1439 = CARTESIAN_POINT('',(6.96,0.265397023465,1.070723360764));
#1440 = CARTESIAN_POINT('',(6.96,0.260806811571,1.062098183552));
#1441 = CARTESIAN_POINT('',(6.96,0.251004219697,1.045163947022));
#1442 = CARTESIAN_POINT('',(6.96,0.245786411547,1.036858741787));
#1443 = CARTESIAN_POINT('',(6.96,0.240280395782,1.028758943151));
#1444 = CARTESIAN_POINT('',(6.96,0.234490304979,1.02087012779));
#1445 = CARTESIAN_POINT('',(6.96,0.22841815861,1.013198074729));
#1446 = CARTESIAN_POINT('',(6.96,0.215801547815,0.998407234883));
#1447 = CARTESIAN_POINT('',(6.96,0.209264913083,0.99128247471));
#1448 = CARTESIAN_POINT('',(6.96,0.202454000094,0.984380026053));
#1449 = CARTESIAN_POINT('',(6.96,0.195365961507,0.977706983911));
#1450 = CARTESIAN_POINT('',(6.96,0.187995061392,0.971271997058));
#1451 = CARTESIAN_POINT('',(6.96,0.173012837564,0.959175029375));
#1452 = CARTESIAN_POINT('',(6.96,0.165426529007,0.953492099376));
#1453 = CARTESIAN_POINT('',(6.96,0.157566437944,0.948044934321));
#1454 = CARTESIAN_POINT('',(6.96,0.149421373308,0.942845601948));
#1455 = CARTESIAN_POINT('',(6.96,0.140976264593,0.937909781461));
#1456 = CARTESIAN_POINT('',(6.96,0.124148131162,0.928975627958));
#1457 = CARTESIAN_POINT('',(6.96,0.115814071992,0.924934439518));
#1458 = CARTESIAN_POINT('',(6.96,0.107194037794,0.921149181784));
#1459 = CARTESIAN_POINT('',(6.96,9.826937450524E-02,0.917639774974));
#1460 = CARTESIAN_POINT('',(6.96,8.901696421491E-02,0.914432828225));
#1461 = CARTESIAN_POINT('',(6.96,6.762356037127E-02,0.908046964389));
#1462 = CARTESIAN_POINT('',(6.96,5.540377745077E-02,0.905068595899));
#1463 = CARTESIAN_POINT('',(6.96,4.253681255711E-02,0.902629529668));
#1464 = CARTESIAN_POINT('',(6.96,2.893994360873E-02,0.900849442899));
#1465 = CARTESIAN_POINT('',(6.96,1.46772221458E-02,0.899909046356));
#1466 = CARTESIAN_POINT('',(6.96,0.,0.899909083395));
#1467 = PLANE('',#1468);
#1468 = AXIS2_PLACEMENT_3D('',#1469,#1470,#1471);
#1469 = CARTESIAN_POINT('',(6.96,1.25,1.25));
#1470 = DIRECTION('',(-1.,0.,0.));
#1471 = DIRECTION('',(0.,0.,-1.));
#1472 = ADVANCED_FACE('',(#1473),#1493,.T.);
#1473 = FACE_BOUND('',#1474,.T.);
#1474 = EDGE_LOOP('',(#1475,#1476,#1485,#1492));
#1475 = ORIENTED_EDGE('',*,*,#1296,.F.);
#1476 = ORIENTED_EDGE('',*,*,#1477,.T.);
#1477 = EDGE_CURVE('',#1297,#1478,#1480,.T.);
#1478 = VERTEX_POINT('',#1479);
#1479 = CARTESIAN_POINT('',(7.32,0.,0.35));
#1480 = CIRCLE('',#1481,0.6);
#1481 = AXIS2_PLACEMENT_3D('',#1482,#1483,#1484);
#1482 = CARTESIAN_POINT('',(6.72,1.102182119233E-16,0.35));
#1483 = DIRECTION('',(0.,1.,0.));
#1484 = DIRECTION('',(0.,-0.,1.));
#1485 = ORIENTED_EDGE('',*,*,#1486,.T.);
#1486 = EDGE_CURVE('',#1478,#1478,#1487,.T.);
#1487 = CIRCLE('',#1488,0.3);
#1488 = AXIS2_PLACEMENT_3D('',#1489,#1490,#1491);
#1489 = CARTESIAN_POINT('',(7.62,0.,0.35));
#1490 = DIRECTION('',(3.828568698927E-16,-0.,1.));
#1491 = DIRECTION('',(1.,0.,-3.828568698927E-16));
#1492 = ORIENTED_EDGE('',*,*,#1477,.F.);
#1493 = TOROIDAL_SURFACE('',#1494,0.9,0.3);
#1494 = AXIS2_PLACEMENT_3D('',#1495,#1496,#1497);
#1495 = CARTESIAN_POINT('',(6.72,0.,0.35));
#1496 = DIRECTION('',(0.,1.,0.));
#1497 = DIRECTION('',(0.,-0.,1.));
#1498 = ADVANCED_FACE('',(#1499),#1518,.T.);
#1499 = FACE_BOUND('',#1500,.T.);
#1500 = EDGE_LOOP('',(#1501,#1509,#1516,#1517));
#1501 = ORIENTED_EDGE('',*,*,#1502,.T.);
#1502 = EDGE_CURVE('',#1478,#1503,#1505,.T.);
#1503 = VERTEX_POINT('',#1504);
#1504 = CARTESIAN_POINT('',(7.32,-7.347880794884E-17,-3.));
#1505 = LINE('',#1506,#1507);
#1506 = CARTESIAN_POINT('',(7.32,0.,0.35));
#1507 = VECTOR('',#1508,1.);
#1508 = DIRECTION('',(0.,0.,-1.));
#1509 = ORIENTED_EDGE('',*,*,#1510,.F.);
#1510 = EDGE_CURVE('',#1503,#1503,#1511,.T.);
#1511 = CIRCLE('',#1512,0.3);
#1512 = AXIS2_PLACEMENT_3D('',#1513,#1514,#1515);
#1513 = CARTESIAN_POINT('',(7.62,0.,-3.));
#1514 = DIRECTION('',(0.,0.,-1.));
#1515 = DIRECTION('',(-1.,0.,0.));
#1516 = ORIENTED_EDGE('',*,*,#1502,.F.);
#1517 = ORIENTED_EDGE('',*,*,#1486,.F.);
#1518 = CYLINDRICAL_SURFACE('',#1519,0.3);
#1519 = AXIS2_PLACEMENT_3D('',#1520,#1521,#1522);
#1520 = CARTESIAN_POINT('',(7.62,0.,0.35));
#1521 = DIRECTION('',(0.,0.,-1.));
#1522 = DIRECTION('',(-1.,0.,0.));
#1523 = ADVANCED_FACE('',(#1524),#1527,.F.);
#1524 = FACE_BOUND('',#1525,.T.);
#1525 = EDGE_LOOP('',(#1526));
#1526 = ORIENTED_EDGE('',*,*,#1510,.T.);
#1527 = PLANE('',#1528);
#1528 = AXIS2_PLACEMENT_3D('',#1529,#1530,#1531);
#1529 = CARTESIAN_POINT('',(7.32,0.,-3.));
#1530 = DIRECTION('',(0.,0.,1.));
#1531 = DIRECTION('',(1.,0.,-0.));
#1532 = ( GEOMETRIC_REPRESENTATION_CONTEXT(3) 
GLOBAL_UNCERTAINTY_ASSIGNED_CONTEXT((#1536)) 
GLOBAL_UNIT_ASSIGNED_CONTEXT((#1533,#1534,#1535)) REPRESENTATION_CONTEXT
('Context #1','3D Context with UNIT and UNCERTAINTY') );
#1533 = ( LENGTH_UNIT() NAMED_UNIT(*) SI_UNIT(.MILLI.,.METRE.) );
#1534 = ( NAMED_UNIT(*) PLANE_ANGLE_UNIT() SI_UNIT($,.RADIAN.) );
#1535 = ( NAMED_UNIT(*) SI_UNIT($,.STERADIAN.) SOLID_ANGLE_UNIT() );
#1536 = UNCERTAINTY_MEASURE_WITH_UNIT(LENGTH_MEASURE(1.E-07),#1533,
  'distance_accuracy_value','confusion accuracy');
#1537 = CONTEXT_DEPENDENT_SHAPE_REPRESENTATION(#1538,#1540);
#1538 = ( REPRESENTATION_RELATIONSHIP('','',#868,#845) 
REPRESENTATION_RELATIONSHIP_WITH_TRANSFORMATION(#1539) 
SHAPE_REPRESENTATION_RELATIONSHIP() );
#1539 = ITEM_DEFINED_TRANSFORMATION('','',#11,#846);
#1540 = PRODUCT_DEFINITION_SHAPE('Placement','Placement of an item',
  #1541);
#1541 = NEXT_ASSEMBLY_USAGE_OCCURRENCE('5','=>[0:1:1:7]','',#840,#863,$
  );
#1542 = PRODUCT_RELATED_PRODUCT_CATEGORY('part',$,(#865));
#1543 = SHAPE_DEFINITION_REPRESENTATION(#1544,#1550);
#1544 = PRODUCT_DEFINITION_SHAPE('','',#1545);
#1545 = PRODUCT_DEFINITION('design','',#1546,#1549);
#1546 = PRODUCT_DEFINITION_FORMATION('','',#1547);
#1547 = PRODUCT('Hackpad_PCB','Hackpad_PCB','',(#1548));
#1548 = PRODUCT_CONTEXT('',#2,'mechanical');
#1549 = PRODUCT_DEFINITION_CONTEXT('part definition',#2,'design');
#1550 = ADVANCED_BREP_SHAPE_REPRESENTATION('',(#11,#1551),#4617);
#1551 = MANIFOLD_SOLID_BREP('',#1552);
#1552 = CLOSED_SHELL('',(#1553,#1595,#1626,#1657,#2485,#3313,#3330,#3347
    ,#3364,#3381,#3393,#3410,#3427,#3444,#3461,#3478,#3495,#3512,#3529,
    #3546,#3563,#3580,#3597,#3619,#3636,#3653,#3665,#3682,#3699,#3716,
    #3733,#3750,#3767,#3784,#3801,#3818,#3835,#3852,#3869,#3886,#3903,
    #3920,#3937,#3954,#3971,#3988,#4005,#4022,#4039,#4056,#4078,#4095,
    #4112,#4124,#4141,#4158,#4175,#4192,#4209,#4226,#4243,#4260,#4277,
    #4294,#4311,#4328,#4345,#4362,#4379,#4396,#4413,#4430,#4447,#4464,
    #4481,#4498,#4515,#4532,#4549,#4566,#4583,#4600));
#1553 = ADVANCED_FACE('',(#1554),#1590,.T.);
#1554 = FACE_BOUND('',#1555,.T.);
#1555 = EDGE_LOOP('',(#1556,#1566,#1575,#1583));
#1556 = ORIENTED_EDGE('',*,*,#1557,.T.);
#1557 = EDGE_CURVE('',#1558,#1560,#1562,.T.);
#1558 = VERTEX_POINT('',#1559);
#1559 = CARTESIAN_POINT('',(155.,-116.,0.));
#1560 = VERTEX_POINT('',#1561);
#1561 = CARTESIAN_POINT('',(155.,-116.,1.51));
#1562 = LINE('',#1563,#1564);
#1563 = CARTESIAN_POINT('',(155.,-116.,0.));
#1564 = VECTOR('',#1565,1.);
#1565 = DIRECTION('',(0.,0.,1.));
#1566 = ORIENTED_EDGE('',*,*,#1567,.T.);
#1567 = EDGE_CURVE('',#1560,#1568,#1570,.T.);
#1568 = VERTEX_POINT('',#1569);
#1569 = CARTESIAN_POINT('',(159.,-120.,1.51));
#1570 = CIRCLE('',#1571,4.00000042591);
#1571 = AXIS2_PLACEMENT_3D('',#1572,#1573,#1574);
#1572 = CARTESIAN_POINT('',(154.99999957409,-120.0000004259,1.51));
#1573 = DIRECTION('',(0.,0.,-1.));
#1574 = DIRECTION('',(1.06477524784E-07,1.,0.));
#1575 = ORIENTED_EDGE('',*,*,#1576,.F.);
#1576 = EDGE_CURVE('',#1577,#1568,#1579,.T.);
#1577 = VERTEX_POINT('',#1578);
#1578 = CARTESIAN_POINT('',(159.,-120.,0.));
#1579 = LINE('',#1580,#1581);
#1580 = CARTESIAN_POINT('',(159.,-120.,0.));
#1581 = VECTOR('',#1582,1.);
#1582 = DIRECTION('',(0.,0.,1.));
#1583 = ORIENTED_EDGE('',*,*,#1584,.F.);
#1584 = EDGE_CURVE('',#1558,#1577,#1585,.T.);
#1585 = CIRCLE('',#1586,4.00000042591);
#1586 = AXIS2_PLACEMENT_3D('',#1587,#1588,#1589);
#1587 = CARTESIAN_POINT('',(154.99999957409,-120.0000004259,0.));
#1588 = DIRECTION('',(0.,0.,-1.));
#1589 = DIRECTION('',(1.06477524784E-07,1.,0.));
#1590 = CYLINDRICAL_SURFACE('',#1591,4.00000042591);
#1591 = AXIS2_PLACEMENT_3D('',#1592,#1593,#1594);
#1592 = CARTESIAN_POINT('',(154.99999957409,-120.0000004259,0.));
#1593 = DIRECTION('',(0.,0.,-1.));
#1594 = DIRECTION('',(1.06477524784E-07,1.,0.));
#1595 = ADVANCED_FACE('',(#1596),#1621,.T.);
#1596 = FACE_BOUND('',#1597,.T.);
#1597 = EDGE_LOOP('',(#1598,#1608,#1614,#1615));
#1598 = ORIENTED_EDGE('',*,*,#1599,.T.);
#1599 = EDGE_CURVE('',#1600,#1602,#1604,.T.);
#1600 = VERTEX_POINT('',#1601);
#1601 = CARTESIAN_POINT('',(60.,-116.,0.));
#1602 = VERTEX_POINT('',#1603);
#1603 = CARTESIAN_POINT('',(60.,-116.,1.51));
#1604 = LINE('',#1605,#1606);
#1605 = CARTESIAN_POINT('',(60.,-116.,0.));
#1606 = VECTOR('',#1607,1.);
#1607 = DIRECTION('',(0.,0.,1.));
#1608 = ORIENTED_EDGE('',*,*,#1609,.T.);
#1609 = EDGE_CURVE('',#1602,#1560,#1610,.T.);
#1610 = LINE('',#1611,#1612);
#1611 = CARTESIAN_POINT('',(60.,-116.,1.51));
#1612 = VECTOR('',#1613,1.);
#1613 = DIRECTION('',(1.,0.,0.));
#1614 = ORIENTED_EDGE('',*,*,#1557,.F.);
#1615 = ORIENTED_EDGE('',*,*,#1616,.F.);
#1616 = EDGE_CURVE('',#1600,#1558,#1617,.T.);
#1617 = LINE('',#1618,#1619);
#1618 = CARTESIAN_POINT('',(60.,-116.,0.));
#1619 = VECTOR('',#1620,1.);
#1620 = DIRECTION('',(1.,0.,0.));
#1621 = PLANE('',#1622);
#1622 = AXIS2_PLACEMENT_3D('',#1623,#1624,#1625);
#1623 = CARTESIAN_POINT('',(60.,-116.,0.));
#1624 = DIRECTION('',(0.,1.,0.));
#1625 = DIRECTION('',(1.,0.,0.));
#1626 = ADVANCED_FACE('',(#1627),#1652,.T.);
#1627 = FACE_BOUND('',#1628,.T.);
#1628 = EDGE_LOOP('',(#1629,#1630,#1638,#1646));
#1629 = ORIENTED_EDGE('',*,*,#1576,.T.);
#1630 = ORIENTED_EDGE('',*,*,#1631,.T.);
#1631 = EDGE_CURVE('',#1568,#1632,#1634,.T.);
#1632 = VERTEX_POINT('',#1633);
#1633 = CARTESIAN_POINT('',(159.,-185.,1.51));
#1634 = LINE('',#1635,#1636);
#1635 = CARTESIAN_POINT('',(159.,-120.,1.51));
#1636 = VECTOR('',#1637,1.);
#1637 = DIRECTION('',(0.,-1.,0.));
#1638 = ORIENTED_EDGE('',*,*,#1639,.F.);
#1639 = EDGE_CURVE('',#1640,#1632,#1642,.T.);
#1640 = VERTEX_POINT('',#1641);
#1641 = CARTESIAN_POINT('',(159.,-185.,0.));
#1642 = LINE('',#1643,#1644);
#1643 = CARTESIAN_POINT('',(159.,-185.,0.));
#1644 = VECTOR('',#1645,1.);
#1645 = DIRECTION('',(0.,0.,1.));
#1646 = ORIENTED_EDGE('',*,*,#1647,.F.);
#1647 = EDGE_CURVE('',#1577,#1640,#1648,.T.);
#1648 = LINE('',#1649,#1650);
#1649 = CARTESIAN_POINT('',(159.,-120.,0.));
#1650 = VECTOR('',#1651,1.);
#1651 = DIRECTION('',(0.,-1.,0.));
#1652 = PLANE('',#1653);
#1653 = AXIS2_PLACEMENT_3D('',#1654,#1655,#1656);
#1654 = CARTESIAN_POINT('',(159.,-120.,0.));
#1655 = DIRECTION('',(1.,0.,-0.));
#1656 = DIRECTION('',(0.,-1.,0.));
#1657 = ADVANCED_FACE('',(#1658,#1704,#1715,#1726,#1737,#1748,#1759,
    #1770,#1781,#1792,#1803,#1814,#1825,#1836,#1872,#1883,#1894,#1905,
    #1916,#1927,#1938,#1949,#1960,#1971,#1982,#1993,#2004,#2015,#2026,
    #2037,#2048,#2059,#2070,#2081,#2092,#2103,#2114,#2125,#2161,#2172,
    #2183,#2194,#2205,#2216,#2227,#2238,#2249,#2260,#2271,#2282,#2293,
    #2304,#2315,#2326,#2337,#2348,#2359,#2370,#2381,#2392,#2403,#2414,
    #2425,#2436,#2447,#2458,#2469),#2480,.F.);
#1658 = FACE_BOUND('',#1659,.F.);
#1659 = EDGE_LOOP('',(#1660,#1661,#1662,#1671,#1679,#1688,#1696,#1703));
#1660 = ORIENTED_EDGE('',*,*,#1584,.F.);
#1661 = ORIENTED_EDGE('',*,*,#1616,.F.);
#1662 = ORIENTED_EDGE('',*,*,#1663,.F.);
#1663 = EDGE_CURVE('',#1664,#1600,#1666,.T.);
#1664 = VERTEX_POINT('',#1665);
#1665 = CARTESIAN_POINT('',(56.,-120.,0.));
#1666 = CIRCLE('',#1667,4.00000042591);
#1667 = AXIS2_PLACEMENT_3D('',#1668,#1669,#1670);
#1668 = CARTESIAN_POINT('',(60.00000042591,-120.0000004259,0.));
#1669 = DIRECTION('',(0.,0.,-1.));
#1670 = DIRECTION('',(-1.,1.064775354421E-07,0.));
#1671 = ORIENTED_EDGE('',*,*,#1672,.F.);
#1672 = EDGE_CURVE('',#1673,#1664,#1675,.T.);
#1673 = VERTEX_POINT('',#1674);
#1674 = CARTESIAN_POINT('',(57.,-185.,0.));
#1675 = LINE('',#1676,#1677);
#1676 = CARTESIAN_POINT('',(57.,-185.,0.));
#1677 = VECTOR('',#1678,1.);
#1678 = DIRECTION('',(-1.53827950432E-02,0.999881677808,0.));
#1679 = ORIENTED_EDGE('',*,*,#1680,.F.);
#1680 = EDGE_CURVE('',#1681,#1673,#1683,.T.);
#1681 = VERTEX_POINT('',#1682);
#1682 = CARTESIAN_POINT('',(61.,-189.,0.));
#1683 = CIRCLE('',#1684,4.00000042591);
#1684 = AXIS2_PLACEMENT_3D('',#1685,#1686,#1687);
#1685 = CARTESIAN_POINT('',(61.00000042591,-184.999999574,0.));
#1686 = DIRECTION('',(0.,0.,-1.));
#1687 = DIRECTION('',(-1.064775336658E-07,-1.,-0.));
#1688 = ORIENTED_EDGE('',*,*,#1689,.F.);
#1689 = EDGE_CURVE('',#1690,#1681,#1692,.T.);
#1690 = VERTEX_POINT('',#1691);
#1691 = CARTESIAN_POINT('',(155.,-189.,0.));
#1692 = LINE('',#1693,#1694);
#1693 = CARTESIAN_POINT('',(155.,-189.,0.));
#1694 = VECTOR('',#1695,1.);
#1695 = DIRECTION('',(-1.,0.,0.));
#1696 = ORIENTED_EDGE('',*,*,#1697,.F.);
#1697 = EDGE_CURVE('',#1640,#1690,#1698,.T.);
#1698 = CIRCLE('',#1699,4.00000042591);
#1699 = AXIS2_PLACEMENT_3D('',#1700,#1701,#1702);
#1700 = CARTESIAN_POINT('',(154.99999957409,-184.999999574,0.));
#1701 = DIRECTION('',(0.,0.,-1.));
#1702 = DIRECTION('',(1.,-1.06477524784E-07,0.));
#1703 = ORIENTED_EDGE('',*,*,#1647,.F.);
#1704 = FACE_BOUND('',#1705,.F.);
#1705 = EDGE_LOOP('',(#1706));
#1706 = ORIENTED_EDGE('',*,*,#1707,.T.);
#1707 = EDGE_CURVE('',#1708,#1708,#1710,.T.);
#1708 = VERTEX_POINT('',#1709);
#1709 = CARTESIAN_POINT('',(61.,-186.1,0.));
#1710 = CIRCLE('',#1711,1.1);
#1711 = AXIS2_PLACEMENT_3D('',#1712,#1713,#1714);
#1712 = CARTESIAN_POINT('',(61.,-185.,0.));
#1713 = DIRECTION('',(-0.,0.,-1.));
#1714 = DIRECTION('',(-0.,-1.,0.));
#1715 = FACE_BOUND('',#1716,.F.);
#1716 = EDGE_LOOP('',(#1717));
#1717 = ORIENTED_EDGE('',*,*,#1718,.T.);
#1718 = EDGE_CURVE('',#1719,#1719,#1721,.T.);
#1719 = VERTEX_POINT('',#1720);
#1720 = CARTESIAN_POINT('',(70.5,-174.85,0.));
#1721 = CIRCLE('',#1722,0.85);
#1722 = AXIS2_PLACEMENT_3D('',#1723,#1724,#1725);
#1723 = CARTESIAN_POINT('',(70.5,-174.,0.));
#1724 = DIRECTION('',(-0.,0.,-1.));
#1725 = DIRECTION('',(-0.,-1.,0.));
#1726 = FACE_BOUND('',#1727,.F.);
#1727 = EDGE_LOOP('',(#1728));
#1728 = ORIENTED_EDGE('',*,*,#1729,.T.);
#1729 = EDGE_CURVE('',#1730,#1730,#1732,.T.);
#1730 = VERTEX_POINT('',#1731);
#1731 = CARTESIAN_POINT('',(75.58,-176.,0.));
#1732 = CIRCLE('',#1733,2.);
#1733 = AXIS2_PLACEMENT_3D('',#1734,#1735,#1736);
#1734 = CARTESIAN_POINT('',(75.58,-174.,0.));
#1735 = DIRECTION('',(-0.,0.,-1.));
#1736 = DIRECTION('',(-0.,-1.,0.));
#1737 = FACE_BOUND('',#1738,.F.);
#1738 = EDGE_LOOP('',(#1739));
#1739 = ORIENTED_EDGE('',*,*,#1740,.T.);
#1740 = EDGE_CURVE('',#1741,#1741,#1743,.T.);
#1741 = VERTEX_POINT('',#1742);
#1742 = CARTESIAN_POINT('',(80.66,-174.85,0.));
#1743 = CIRCLE('',#1744,0.85);
#1744 = AXIS2_PLACEMENT_3D('',#1745,#1746,#1747);
#1745 = CARTESIAN_POINT('',(80.66,-174.,0.));
#1746 = DIRECTION('',(-0.,0.,-1.));
#1747 = DIRECTION('',(-0.,-1.,0.));
#1748 = FACE_BOUND('',#1749,.F.);
#1749 = EDGE_LOOP('',(#1750));
#1750 = ORIENTED_EDGE('',*,*,#1751,.T.);
#1751 = EDGE_CURVE('',#1752,#1752,#1754,.T.);
#1752 = VERTEX_POINT('',#1753);
#1753 = CARTESIAN_POINT('',(71.77,-172.21,0.));
#1754 = CIRCLE('',#1755,0.75);
#1755 = AXIS2_PLACEMENT_3D('',#1756,#1757,#1758);
#1756 = CARTESIAN_POINT('',(71.77,-171.46,0.));
#1757 = DIRECTION('',(-0.,0.,-1.));
#1758 = DIRECTION('',(-0.,-1.,0.));
#1759 = FACE_BOUND('',#1760,.F.);
#1760 = EDGE_LOOP('',(#1761));
#1761 = ORIENTED_EDGE('',*,*,#1762,.T.);
#1762 = EDGE_CURVE('',#1763,#1763,#1765,.T.);
#1763 = VERTEX_POINT('',#1764);
#1764 = CARTESIAN_POINT('',(91.34,-174.85,0.));
#1765 = CIRCLE('',#1766,0.85);
#1766 = AXIS2_PLACEMENT_3D('',#1767,#1768,#1769);
#1767 = CARTESIAN_POINT('',(91.34,-174.,0.));
#1768 = DIRECTION('',(-0.,0.,-1.));
#1769 = DIRECTION('',(-0.,-1.,0.));
#1770 = FACE_BOUND('',#1771,.F.);
#1771 = EDGE_LOOP('',(#1772));
#1772 = ORIENTED_EDGE('',*,*,#1773,.T.);
#1773 = EDGE_CURVE('',#1774,#1774,#1776,.T.);
#1774 = VERTEX_POINT('',#1775);
#1775 = CARTESIAN_POINT('',(92.61,-172.21,0.));
#1776 = CIRCLE('',#1777,0.75);
#1777 = AXIS2_PLACEMENT_3D('',#1778,#1779,#1780);
#1778 = CARTESIAN_POINT('',(92.61,-171.46,0.));
#1779 = DIRECTION('',(-0.,0.,-1.));
#1780 = DIRECTION('',(-0.,-1.,0.));
#1781 = FACE_BOUND('',#1782,.F.);
#1782 = EDGE_LOOP('',(#1783));
#1783 = ORIENTED_EDGE('',*,*,#1784,.T.);
#1784 = EDGE_CURVE('',#1785,#1785,#1787,.T.);
#1785 = VERTEX_POINT('',#1786);
#1786 = CARTESIAN_POINT('',(96.42,-176.,0.));
#1787 = CIRCLE('',#1788,2.);
#1788 = AXIS2_PLACEMENT_3D('',#1789,#1790,#1791);
#1789 = CARTESIAN_POINT('',(96.42,-174.,0.));
#1790 = DIRECTION('',(-0.,0.,-1.));
#1791 = DIRECTION('',(-0.,-1.,0.));
#1792 = FACE_BOUND('',#1793,.F.);
#1793 = EDGE_LOOP('',(#1794));
#1794 = ORIENTED_EDGE('',*,*,#1795,.T.);
#1795 = EDGE_CURVE('',#1796,#1796,#1798,.T.);
#1796 = VERTEX_POINT('',#1797);
#1797 = CARTESIAN_POINT('',(101.5,-174.85,0.));
#1798 = CIRCLE('',#1799,0.85);
#1799 = AXIS2_PLACEMENT_3D('',#1800,#1801,#1802);
#1800 = CARTESIAN_POINT('',(101.5,-174.,0.));
#1801 = DIRECTION('',(-0.,0.,-1.));
#1802 = DIRECTION('',(-0.,-1.,0.));
#1803 = FACE_BOUND('',#1804,.F.);
#1804 = EDGE_LOOP('',(#1805));
#1805 = ORIENTED_EDGE('',*,*,#1806,.T.);
#1806 = EDGE_CURVE('',#1807,#1807,#1809,.T.);
#1807 = VERTEX_POINT('',#1808);
#1808 = CARTESIAN_POINT('',(78.12,-169.67,0.));
#1809 = CIRCLE('',#1810,0.75);
#1810 = AXIS2_PLACEMENT_3D('',#1811,#1812,#1813);
#1811 = CARTESIAN_POINT('',(78.12,-168.92,0.));
#1812 = DIRECTION('',(-0.,0.,-1.));
#1813 = DIRECTION('',(-0.,-1.,0.));
#1814 = FACE_BOUND('',#1815,.F.);
#1815 = EDGE_LOOP('',(#1816));
#1816 = ORIENTED_EDGE('',*,*,#1817,.T.);
#1817 = EDGE_CURVE('',#1818,#1818,#1820,.T.);
#1818 = VERTEX_POINT('',#1819);
#1819 = CARTESIAN_POINT('',(98.96,-169.67,0.));
#1820 = CIRCLE('',#1821,0.75);
#1821 = AXIS2_PLACEMENT_3D('',#1822,#1823,#1824);
#1822 = CARTESIAN_POINT('',(98.96,-168.92,0.));
#1823 = DIRECTION('',(-0.,0.,-1.));
#1824 = DIRECTION('',(-0.,-1.,0.));
#1825 = FACE_BOUND('',#1826,.F.);
#1826 = EDGE_LOOP('',(#1827));
#1827 = ORIENTED_EDGE('',*,*,#1828,.T.);
#1828 = EDGE_CURVE('',#1829,#1829,#1831,.T.);
#1829 = VERTEX_POINT('',#1830);
#1830 = CARTESIAN_POINT('',(90.,-155.6,0.));
#1831 = CIRCLE('',#1832,0.5);
#1832 = AXIS2_PLACEMENT_3D('',#1833,#1834,#1835);
#1833 = CARTESIAN_POINT('',(90.,-155.1,0.));
#1834 = DIRECTION('',(-0.,0.,-1.));
#1835 = DIRECTION('',(-0.,-1.,0.));
#1836 = FACE_BOUND('',#1837,.F.);
#1837 = EDGE_LOOP('',(#1838,#1849,#1857,#1866));
#1838 = ORIENTED_EDGE('',*,*,#1839,.T.);
#1839 = EDGE_CURVE('',#1840,#1842,#1844,.T.);
#1840 = VERTEX_POINT('',#1841);
#1841 = CARTESIAN_POINT('',(98.15,-157.45,0.));
#1842 = VERTEX_POINT('',#1843);
#1843 = CARTESIAN_POINT('',(98.15,-158.95,0.));
#1844 = CIRCLE('',#1845,0.75);
#1845 = AXIS2_PLACEMENT_3D('',#1846,#1847,#1848);
#1846 = CARTESIAN_POINT('',(98.15,-158.2,0.));
#1847 = DIRECTION('',(-0.,0.,-1.));
#1848 = DIRECTION('',(-0.,-1.,0.));
#1849 = ORIENTED_EDGE('',*,*,#1850,.T.);
#1850 = EDGE_CURVE('',#1842,#1851,#1853,.T.);
#1851 = VERTEX_POINT('',#1852);
#1852 = CARTESIAN_POINT('',(96.85,-158.95,0.));
#1853 = LINE('',#1854,#1855);
#1854 = CARTESIAN_POINT('',(48.425,-158.95,0.));
#1855 = VECTOR('',#1856,1.);
#1856 = DIRECTION('',(-1.,0.,0.));
#1857 = ORIENTED_EDGE('',*,*,#1858,.T.);
#1858 = EDGE_CURVE('',#1851,#1859,#1861,.T.);
#1859 = VERTEX_POINT('',#1860);
#1860 = CARTESIAN_POINT('',(96.85,-157.45,0.));
#1861 = CIRCLE('',#1862,0.75);
#1862 = AXIS2_PLACEMENT_3D('',#1863,#1864,#1865);
#1863 = CARTESIAN_POINT('',(96.85,-158.2,0.));
#1864 = DIRECTION('',(-0.,0.,-1.));
#1865 = DIRECTION('',(0.,1.,0.));
#1866 = ORIENTED_EDGE('',*,*,#1867,.T.);
#1867 = EDGE_CURVE('',#1859,#1840,#1868,.T.);
#1868 = LINE('',#1869,#1870);
#1869 = CARTESIAN_POINT('',(49.075,-157.45,0.));
#1870 = VECTOR('',#1871,1.);
#1871 = DIRECTION('',(1.,0.,-0.));
#1872 = FACE_BOUND('',#1873,.F.);
#1873 = EDGE_LOOP('',(#1874));
#1874 = ORIENTED_EDGE('',*,*,#1875,.T.);
#1875 = EDGE_CURVE('',#1876,#1876,#1878,.T.);
#1876 = VERTEX_POINT('',#1877);
#1877 = CARTESIAN_POINT('',(104.5,-155.6,0.));
#1878 = CIRCLE('',#1879,0.5);
#1879 = AXIS2_PLACEMENT_3D('',#1880,#1881,#1882);
#1880 = CARTESIAN_POINT('',(104.5,-155.1,0.));
#1881 = DIRECTION('',(-0.,0.,-1.));
#1882 = DIRECTION('',(-0.,-1.,0.));
#1883 = FACE_BOUND('',#1884,.F.);
#1884 = EDGE_LOOP('',(#1885));
#1885 = ORIENTED_EDGE('',*,*,#1886,.T.);
#1886 = EDGE_CURVE('',#1887,#1887,#1889,.T.);
#1887 = VERTEX_POINT('',#1888);
#1888 = CARTESIAN_POINT('',(111.84,-174.85,0.));
#1889 = CIRCLE('',#1890,0.85);
#1890 = AXIS2_PLACEMENT_3D('',#1891,#1892,#1893);
#1891 = CARTESIAN_POINT('',(111.84,-174.,0.));
#1892 = DIRECTION('',(-0.,0.,-1.));
#1893 = DIRECTION('',(-0.,-1.,0.));
#1894 = FACE_BOUND('',#1895,.F.);
#1895 = EDGE_LOOP('',(#1896));
#1896 = ORIENTED_EDGE('',*,*,#1897,.T.);
#1897 = EDGE_CURVE('',#1898,#1898,#1900,.T.);
#1898 = VERTEX_POINT('',#1899);
#1899 = CARTESIAN_POINT('',(116.92,-176.,0.));
#1900 = CIRCLE('',#1901,2.);
#1901 = AXIS2_PLACEMENT_3D('',#1902,#1903,#1904);
#1902 = CARTESIAN_POINT('',(116.92,-174.,0.));
#1903 = DIRECTION('',(-0.,0.,-1.));
#1904 = DIRECTION('',(-0.,-1.,0.));
#1905 = FACE_BOUND('',#1906,.F.);
#1906 = EDGE_LOOP('',(#1907));
#1907 = ORIENTED_EDGE('',*,*,#1908,.T.);
#1908 = EDGE_CURVE('',#1909,#1909,#1911,.T.);
#1909 = VERTEX_POINT('',#1910);
#1910 = CARTESIAN_POINT('',(113.11,-172.21,0.));
#1911 = CIRCLE('',#1912,0.75);
#1912 = AXIS2_PLACEMENT_3D('',#1913,#1914,#1915);
#1913 = CARTESIAN_POINT('',(113.11,-171.46,0.));
#1914 = DIRECTION('',(-0.,0.,-1.));
#1915 = DIRECTION('',(-0.,-1.,0.));
#1916 = FACE_BOUND('',#1917,.F.);
#1917 = EDGE_LOOP('',(#1918));
#1918 = ORIENTED_EDGE('',*,*,#1919,.T.);
#1919 = EDGE_CURVE('',#1920,#1920,#1922,.T.);
#1920 = VERTEX_POINT('',#1921);
#1921 = CARTESIAN_POINT('',(122.,-174.85,0.));
#1922 = CIRCLE('',#1923,0.85);
#1923 = AXIS2_PLACEMENT_3D('',#1924,#1925,#1926);
#1924 = CARTESIAN_POINT('',(122.,-174.,0.));
#1925 = DIRECTION('',(-0.,0.,-1.));
#1926 = DIRECTION('',(-0.,-1.,0.));
#1927 = FACE_BOUND('',#1928,.F.);
#1928 = EDGE_LOOP('',(#1929));
#1929 = ORIENTED_EDGE('',*,*,#1930,.T.);
#1930 = EDGE_CURVE('',#1931,#1931,#1933,.T.);
#1931 = VERTEX_POINT('',#1932);
#1932 = CARTESIAN_POINT('',(155.,-186.6,0.));
#1933 = CIRCLE('',#1934,1.1);
#1934 = AXIS2_PLACEMENT_3D('',#1935,#1936,#1937);
#1935 = CARTESIAN_POINT('',(155.,-185.5,0.));
#1936 = DIRECTION('',(-0.,0.,-1.));
#1937 = DIRECTION('',(-0.,-1.,0.));
#1938 = FACE_BOUND('',#1939,.F.);
#1939 = EDGE_LOOP('',(#1940));
#1940 = ORIENTED_EDGE('',*,*,#1941,.T.);
#1941 = EDGE_CURVE('',#1942,#1942,#1944,.T.);
#1942 = VERTEX_POINT('',#1943);
#1943 = CARTESIAN_POINT('',(132.84,-174.85,0.));
#1944 = CIRCLE('',#1945,0.85);
#1945 = AXIS2_PLACEMENT_3D('',#1946,#1947,#1948);
#1946 = CARTESIAN_POINT('',(132.84,-174.,0.));
#1947 = DIRECTION('',(-0.,0.,-1.));
#1948 = DIRECTION('',(-0.,-1.,0.));
#1949 = FACE_BOUND('',#1950,.F.);
#1950 = EDGE_LOOP('',(#1951));
#1951 = ORIENTED_EDGE('',*,*,#1952,.T.);
#1952 = EDGE_CURVE('',#1953,#1953,#1955,.T.);
#1953 = VERTEX_POINT('',#1954);
#1954 = CARTESIAN_POINT('',(137.92,-176.,0.));
#1955 = CIRCLE('',#1956,2.);
#1956 = AXIS2_PLACEMENT_3D('',#1957,#1958,#1959);
#1957 = CARTESIAN_POINT('',(137.92,-174.,0.));
#1958 = DIRECTION('',(-0.,0.,-1.));
#1959 = DIRECTION('',(-0.,-1.,0.));
#1960 = FACE_BOUND('',#1961,.F.);
#1961 = EDGE_LOOP('',(#1962));
#1962 = ORIENTED_EDGE('',*,*,#1963,.T.);
#1963 = EDGE_CURVE('',#1964,#1964,#1966,.T.);
#1964 = VERTEX_POINT('',#1965);
#1965 = CARTESIAN_POINT('',(143.,-174.85,0.));
#1966 = CIRCLE('',#1967,0.85);
#1967 = AXIS2_PLACEMENT_3D('',#1968,#1969,#1970);
#1968 = CARTESIAN_POINT('',(143.,-174.,0.));
#1969 = DIRECTION('',(-0.,0.,-1.));
#1970 = DIRECTION('',(-0.,-1.,0.));
#1971 = FACE_BOUND('',#1972,.F.);
#1972 = EDGE_LOOP('',(#1973));
#1973 = ORIENTED_EDGE('',*,*,#1974,.T.);
#1974 = EDGE_CURVE('',#1975,#1975,#1977,.T.);
#1975 = VERTEX_POINT('',#1976);
#1976 = CARTESIAN_POINT('',(134.11,-172.21,0.));
#1977 = CIRCLE('',#1978,0.75);
#1978 = AXIS2_PLACEMENT_3D('',#1979,#1980,#1981);
#1979 = CARTESIAN_POINT('',(134.11,-171.46,0.));
#1980 = DIRECTION('',(-0.,0.,-1.));
#1981 = DIRECTION('',(-0.,-1.,0.));
#1982 = FACE_BOUND('',#1983,.F.);
#1983 = EDGE_LOOP('',(#1984));
#1984 = ORIENTED_EDGE('',*,*,#1985,.T.);
#1985 = EDGE_CURVE('',#1986,#1986,#1988,.T.);
#1986 = VERTEX_POINT('',#1987);
#1987 = CARTESIAN_POINT('',(119.46,-169.67,0.));
#1988 = CIRCLE('',#1989,0.75);
#1989 = AXIS2_PLACEMENT_3D('',#1990,#1991,#1992);
#1990 = CARTESIAN_POINT('',(119.46,-168.92,0.));
#1991 = DIRECTION('',(-0.,0.,-1.));
#1992 = DIRECTION('',(-0.,-1.,0.));
#1993 = FACE_BOUND('',#1994,.F.);
#1994 = EDGE_LOOP('',(#1995));
#1995 = ORIENTED_EDGE('',*,*,#1996,.T.);
#1996 = EDGE_CURVE('',#1997,#1997,#1999,.T.);
#1997 = VERTEX_POINT('',#1998);
#1998 = CARTESIAN_POINT('',(109.,-157.,0.));
#1999 = CIRCLE('',#2000,0.5);
#2000 = AXIS2_PLACEMENT_3D('',#2001,#2002,#2003);
#2001 = CARTESIAN_POINT('',(109.,-156.5,0.));
#2002 = DIRECTION('',(-0.,0.,-1.));
#2003 = DIRECTION('',(-0.,-1.,0.));
#2004 = FACE_BOUND('',#2005,.F.);
#2005 = EDGE_LOOP('',(#2006));
#2006 = ORIENTED_EDGE('',*,*,#2007,.T.);
#2007 = EDGE_CURVE('',#2008,#2008,#2010,.T.);
#2008 = VERTEX_POINT('',#2009);
#2009 = CARTESIAN_POINT('',(109.,-154.46,0.));
#2010 = CIRCLE('',#2011,0.5);
#2011 = AXIS2_PLACEMENT_3D('',#2012,#2013,#2014);
#2012 = CARTESIAN_POINT('',(109.,-153.96,0.));
#2013 = DIRECTION('',(-0.,0.,-1.));
#2014 = DIRECTION('',(-0.,-1.,0.));
#2015 = FACE_BOUND('',#2016,.F.);
#2016 = EDGE_LOOP('',(#2017));
#2017 = ORIENTED_EDGE('',*,*,#2018,.T.);
#2018 = EDGE_CURVE('',#2019,#2019,#2021,.T.);
#2019 = VERTEX_POINT('',#2020);
#2020 = CARTESIAN_POINT('',(140.46,-169.67,0.));
#2021 = CIRCLE('',#2022,0.75);
#2022 = AXIS2_PLACEMENT_3D('',#2023,#2024,#2025);
#2023 = CARTESIAN_POINT('',(140.46,-168.92,0.));
#2024 = DIRECTION('',(-0.,0.,-1.));
#2025 = DIRECTION('',(-0.,-1.,0.));
#2026 = FACE_BOUND('',#2027,.F.);
#2027 = EDGE_LOOP('',(#2028));
#2028 = ORIENTED_EDGE('',*,*,#2029,.T.);
#2029 = EDGE_CURVE('',#2030,#2030,#2032,.T.);
#2030 = VERTEX_POINT('',#2031);
#2031 = CARTESIAN_POINT('',(70.34,-153.35,0.));
#2032 = CIRCLE('',#2033,0.85);
#2033 = AXIS2_PLACEMENT_3D('',#2034,#2035,#2036);
#2034 = CARTESIAN_POINT('',(70.34,-152.5,0.));
#2035 = DIRECTION('',(-0.,0.,-1.));
#2036 = DIRECTION('',(-0.,-1.,0.));
#2037 = FACE_BOUND('',#2038,.F.);
#2038 = EDGE_LOOP('',(#2039));
#2039 = ORIENTED_EDGE('',*,*,#2040,.T.);
#2040 = EDGE_CURVE('',#2041,#2041,#2043,.T.);
#2041 = VERTEX_POINT('',#2042);
#2042 = CARTESIAN_POINT('',(75.42,-154.5,0.));
#2043 = CIRCLE('',#2044,2.);
#2044 = AXIS2_PLACEMENT_3D('',#2045,#2046,#2047);
#2045 = CARTESIAN_POINT('',(75.42,-152.5,0.));
#2046 = DIRECTION('',(-0.,0.,-1.));
#2047 = DIRECTION('',(-0.,-1.,0.));
#2048 = FACE_BOUND('',#2049,.F.);
#2049 = EDGE_LOOP('',(#2050));
#2050 = ORIENTED_EDGE('',*,*,#2051,.T.);
#2051 = EDGE_CURVE('',#2052,#2052,#2054,.T.);
#2052 = VERTEX_POINT('',#2053);
#2053 = CARTESIAN_POINT('',(71.61,-150.71,0.));
#2054 = CIRCLE('',#2055,0.75);
#2055 = AXIS2_PLACEMENT_3D('',#2056,#2057,#2058);
#2056 = CARTESIAN_POINT('',(71.61,-149.96,0.));
#2057 = DIRECTION('',(-0.,0.,-1.));
#2058 = DIRECTION('',(-0.,-1.,0.));
#2059 = FACE_BOUND('',#2060,.F.);
#2060 = EDGE_LOOP('',(#2061));
#2061 = ORIENTED_EDGE('',*,*,#2062,.T.);
#2062 = EDGE_CURVE('',#2063,#2063,#2065,.T.);
#2063 = VERTEX_POINT('',#2064);
#2064 = CARTESIAN_POINT('',(80.5,-153.35,0.));
#2065 = CIRCLE('',#2066,0.85);
#2066 = AXIS2_PLACEMENT_3D('',#2067,#2068,#2069);
#2067 = CARTESIAN_POINT('',(80.5,-152.5,0.));
#2068 = DIRECTION('',(-0.,0.,-1.));
#2069 = DIRECTION('',(-0.,-1.,0.));
#2070 = FACE_BOUND('',#2071,.F.);
#2071 = EDGE_LOOP('',(#2072));
#2072 = ORIENTED_EDGE('',*,*,#2073,.T.);
#2073 = EDGE_CURVE('',#2074,#2074,#2076,.T.);
#2074 = VERTEX_POINT('',#2075);
#2075 = CARTESIAN_POINT('',(77.96,-148.17,0.));
#2076 = CIRCLE('',#2077,0.75);
#2077 = AXIS2_PLACEMENT_3D('',#2078,#2079,#2080);
#2078 = CARTESIAN_POINT('',(77.96,-147.42,0.));
#2079 = DIRECTION('',(-0.,0.,-1.));
#2080 = DIRECTION('',(-0.,-1.,0.));
#2081 = FACE_BOUND('',#2082,.F.);
#2082 = EDGE_LOOP('',(#2083));
#2083 = ORIENTED_EDGE('',*,*,#2084,.T.);
#2084 = EDGE_CURVE('',#2085,#2085,#2087,.T.);
#2085 = VERTEX_POINT('',#2086);
#2086 = CARTESIAN_POINT('',(68.551,-136.587,0.));
#2087 = CIRCLE('',#2088,0.4445);
#2088 = AXIS2_PLACEMENT_3D('',#2089,#2090,#2091);
#2089 = CARTESIAN_POINT('',(68.551,-136.1425,0.));
#2090 = DIRECTION('',(-0.,0.,-1.));
#2091 = DIRECTION('',(-0.,-1.,0.));
#2092 = FACE_BOUND('',#2093,.F.);
#2093 = EDGE_LOOP('',(#2094));
#2094 = ORIENTED_EDGE('',*,*,#2095,.T.);
#2095 = EDGE_CURVE('',#2096,#2096,#2098,.T.);
#2096 = VERTEX_POINT('',#2097);
#2097 = CARTESIAN_POINT('',(90.,-153.1,0.));
#2098 = CIRCLE('',#2099,0.5);
#2099 = AXIS2_PLACEMENT_3D('',#2100,#2101,#2102);
#2100 = CARTESIAN_POINT('',(90.,-152.6,0.));
#2101 = DIRECTION('',(-0.,0.,-1.));
#2102 = DIRECTION('',(-0.,-1.,0.));
#2103 = FACE_BOUND('',#2104,.F.);
#2104 = EDGE_LOOP('',(#2105));
#2105 = ORIENTED_EDGE('',*,*,#2106,.T.);
#2106 = EDGE_CURVE('',#2107,#2107,#2109,.T.);
#2107 = VERTEX_POINT('',#2108);
#2108 = CARTESIAN_POINT('',(90.,-150.6,0.));
#2109 = CIRCLE('',#2110,0.5);
#2110 = AXIS2_PLACEMENT_3D('',#2111,#2112,#2113);
#2111 = CARTESIAN_POINT('',(90.,-150.1,0.));
#2112 = DIRECTION('',(-0.,0.,-1.));
#2113 = DIRECTION('',(-0.,-1.,0.));
#2114 = FACE_BOUND('',#2115,.F.);
#2115 = EDGE_LOOP('',(#2116));
#2116 = ORIENTED_EDGE('',*,*,#2117,.T.);
#2117 = EDGE_CURVE('',#2118,#2118,#2120,.T.);
#2118 = VERTEX_POINT('',#2119);
#2119 = CARTESIAN_POINT('',(104.5,-150.6,0.));
#2120 = CIRCLE('',#2121,0.5);
#2121 = AXIS2_PLACEMENT_3D('',#2122,#2123,#2124);
#2122 = CARTESIAN_POINT('',(104.5,-150.1,0.));
#2123 = DIRECTION('',(-0.,0.,-1.));
#2124 = DIRECTION('',(-0.,-1.,0.));
#2125 = FACE_BOUND('',#2126,.F.);
#2126 = EDGE_LOOP('',(#2127,#2138,#2146,#2155));
#2127 = ORIENTED_EDGE('',*,*,#2128,.T.);
#2128 = EDGE_CURVE('',#2129,#2131,#2133,.T.);
#2129 = VERTEX_POINT('',#2130);
#2130 = CARTESIAN_POINT('',(98.15,-146.25,0.));
#2131 = VERTEX_POINT('',#2132);
#2132 = CARTESIAN_POINT('',(98.15,-147.75,0.));
#2133 = CIRCLE('',#2134,0.75);
#2134 = AXIS2_PLACEMENT_3D('',#2135,#2136,#2137);
#2135 = CARTESIAN_POINT('',(98.15,-147.,0.));
#2136 = DIRECTION('',(-0.,0.,-1.));
#2137 = DIRECTION('',(-0.,-1.,0.));
#2138 = ORIENTED_EDGE('',*,*,#2139,.T.);
#2139 = EDGE_CURVE('',#2131,#2140,#2142,.T.);
#2140 = VERTEX_POINT('',#2141);
#2141 = CARTESIAN_POINT('',(96.85,-147.75,0.));
#2142 = LINE('',#2143,#2144);
#2143 = CARTESIAN_POINT('',(48.425,-147.75,0.));
#2144 = VECTOR('',#2145,1.);
#2145 = DIRECTION('',(-1.,0.,0.));
#2146 = ORIENTED_EDGE('',*,*,#2147,.T.);
#2147 = EDGE_CURVE('',#2140,#2148,#2150,.T.);
#2148 = VERTEX_POINT('',#2149);
#2149 = CARTESIAN_POINT('',(96.85,-146.25,0.));
#2150 = CIRCLE('',#2151,0.75);
#2151 = AXIS2_PLACEMENT_3D('',#2152,#2153,#2154);
#2152 = CARTESIAN_POINT('',(96.85,-147.,0.));
#2153 = DIRECTION('',(-0.,0.,-1.));
#2154 = DIRECTION('',(0.,1.,0.));
#2155 = ORIENTED_EDGE('',*,*,#2156,.T.);
#2156 = EDGE_CURVE('',#2148,#2129,#2157,.T.);
#2157 = LINE('',#2158,#2159);
#2158 = CARTESIAN_POINT('',(49.075,-146.25,0.));
#2159 = VECTOR('',#2160,1.);
#2160 = DIRECTION('',(1.,0.,-0.));
#2161 = FACE_BOUND('',#2162,.F.);
#2162 = EDGE_LOOP('',(#2163));
#2163 = ORIENTED_EDGE('',*,*,#2164,.T.);
#2164 = EDGE_CURVE('',#2165,#2165,#2167,.T.);
#2165 = VERTEX_POINT('',#2166);
#2166 = CARTESIAN_POINT('',(83.791,-136.587,0.));
#2167 = CIRCLE('',#2168,0.4445);
#2168 = AXIS2_PLACEMENT_3D('',#2169,#2170,#2171);
#2169 = CARTESIAN_POINT('',(83.791,-136.1425,0.));
#2170 = DIRECTION('',(-0.,0.,-1.));
#2171 = DIRECTION('',(-0.,-1.,0.));
#2172 = FACE_BOUND('',#2173,.F.);
#2173 = EDGE_LOOP('',(#2174));
#2174 = ORIENTED_EDGE('',*,*,#2175,.T.);
#2175 = EDGE_CURVE('',#2176,#2176,#2178,.T.);
#2176 = VERTEX_POINT('',#2177);
#2177 = CARTESIAN_POINT('',(68.551,-134.047,0.));
#2178 = CIRCLE('',#2179,0.4445);
#2179 = AXIS2_PLACEMENT_3D('',#2180,#2181,#2182);
#2180 = CARTESIAN_POINT('',(68.551,-133.6025,0.));
#2181 = DIRECTION('',(-0.,0.,-1.));
#2182 = DIRECTION('',(-0.,-1.,0.));
#2183 = FACE_BOUND('',#2184,.F.);
#2184 = EDGE_LOOP('',(#2185));
#2185 = ORIENTED_EDGE('',*,*,#2186,.T.);
#2186 = EDGE_CURVE('',#2187,#2187,#2189,.T.);
#2187 = VERTEX_POINT('',#2188);
#2188 = CARTESIAN_POINT('',(68.551,-131.507,0.));
#2189 = CIRCLE('',#2190,0.4445);
#2190 = AXIS2_PLACEMENT_3D('',#2191,#2192,#2193);
#2191 = CARTESIAN_POINT('',(68.551,-131.0625,0.));
#2192 = DIRECTION('',(-0.,0.,-1.));
#2193 = DIRECTION('',(-0.,-1.,0.));
#2194 = FACE_BOUND('',#2195,.F.);
#2195 = EDGE_LOOP('',(#2196));
#2196 = ORIENTED_EDGE('',*,*,#2197,.T.);
#2197 = EDGE_CURVE('',#2198,#2198,#2200,.T.);
#2198 = VERTEX_POINT('',#2199);
#2199 = CARTESIAN_POINT('',(68.551,-128.967,0.));
#2200 = CIRCLE('',#2201,0.4445);
#2201 = AXIS2_PLACEMENT_3D('',#2202,#2203,#2204);
#2202 = CARTESIAN_POINT('',(68.551,-128.5225,0.));
#2203 = DIRECTION('',(-0.,0.,-1.));
#2204 = DIRECTION('',(-0.,-1.,0.));
#2205 = FACE_BOUND('',#2206,.F.);
#2206 = EDGE_LOOP('',(#2207));
#2207 = ORIENTED_EDGE('',*,*,#2208,.T.);
#2208 = EDGE_CURVE('',#2209,#2209,#2211,.T.);
#2209 = VERTEX_POINT('',#2210);
#2210 = CARTESIAN_POINT('',(68.551,-126.427,0.));
#2211 = CIRCLE('',#2212,0.4445);
#2212 = AXIS2_PLACEMENT_3D('',#2213,#2214,#2215);
#2213 = CARTESIAN_POINT('',(68.551,-125.9825,0.));
#2214 = DIRECTION('',(-0.,0.,-1.));
#2215 = DIRECTION('',(-0.,-1.,0.));
#2216 = FACE_BOUND('',#2217,.F.);
#2217 = EDGE_LOOP('',(#2218));
#2218 = ORIENTED_EDGE('',*,*,#2219,.T.);
#2219 = EDGE_CURVE('',#2220,#2220,#2222,.T.);
#2220 = VERTEX_POINT('',#2221);
#2221 = CARTESIAN_POINT('',(68.551,-123.887,0.));
#2222 = CIRCLE('',#2223,0.4445);
#2223 = AXIS2_PLACEMENT_3D('',#2224,#2225,#2226);
#2224 = CARTESIAN_POINT('',(68.551,-123.4425,0.));
#2225 = DIRECTION('',(-0.,0.,-1.));
#2226 = DIRECTION('',(-0.,-1.,0.));
#2227 = FACE_BOUND('',#2228,.F.);
#2228 = EDGE_LOOP('',(#2229));
#2229 = ORIENTED_EDGE('',*,*,#2230,.T.);
#2230 = EDGE_CURVE('',#2231,#2231,#2233,.T.);
#2231 = VERTEX_POINT('',#2232);
#2232 = CARTESIAN_POINT('',(60.,-121.1,0.));
#2233 = CIRCLE('',#2234,1.1);
#2234 = AXIS2_PLACEMENT_3D('',#2235,#2236,#2237);
#2235 = CARTESIAN_POINT('',(60.,-120.,0.));
#2236 = DIRECTION('',(-0.,0.,-1.));
#2237 = DIRECTION('',(-0.,-1.,0.));
#2238 = FACE_BOUND('',#2239,.F.);
#2239 = EDGE_LOOP('',(#2240));
#2240 = ORIENTED_EDGE('',*,*,#2241,.T.);
#2241 = EDGE_CURVE('',#2242,#2242,#2244,.T.);
#2242 = VERTEX_POINT('',#2243);
#2243 = CARTESIAN_POINT('',(68.551,-121.347,0.));
#2244 = CIRCLE('',#2245,0.4445);
#2245 = AXIS2_PLACEMENT_3D('',#2246,#2247,#2248);
#2246 = CARTESIAN_POINT('',(68.551,-120.9025,0.));
#2247 = DIRECTION('',(-0.,0.,-1.));
#2248 = DIRECTION('',(-0.,-1.,0.));
#2249 = FACE_BOUND('',#2250,.F.);
#2250 = EDGE_LOOP('',(#2251));
#2251 = ORIENTED_EDGE('',*,*,#2252,.T.);
#2252 = EDGE_CURVE('',#2253,#2253,#2255,.T.);
#2253 = VERTEX_POINT('',#2254);
#2254 = CARTESIAN_POINT('',(83.791,-134.047,0.));
#2255 = CIRCLE('',#2256,0.4445);
#2256 = AXIS2_PLACEMENT_3D('',#2257,#2258,#2259);
#2257 = CARTESIAN_POINT('',(83.791,-133.6025,0.));
#2258 = DIRECTION('',(-0.,0.,-1.));
#2259 = DIRECTION('',(-0.,-1.,0.));
#2260 = FACE_BOUND('',#2261,.F.);
#2261 = EDGE_LOOP('',(#2262));
#2262 = ORIENTED_EDGE('',*,*,#2263,.T.);
#2263 = EDGE_CURVE('',#2264,#2264,#2266,.T.);
#2264 = VERTEX_POINT('',#2265);
#2265 = CARTESIAN_POINT('',(83.791,-131.507,0.));
#2266 = CIRCLE('',#2267,0.4445);
#2267 = AXIS2_PLACEMENT_3D('',#2268,#2269,#2270);
#2268 = CARTESIAN_POINT('',(83.791,-131.0625,0.));
#2269 = DIRECTION('',(-0.,0.,-1.));
#2270 = DIRECTION('',(-0.,-1.,0.));
#2271 = FACE_BOUND('',#2272,.F.);
#2272 = EDGE_LOOP('',(#2273));
#2273 = ORIENTED_EDGE('',*,*,#2274,.T.);
#2274 = EDGE_CURVE('',#2275,#2275,#2277,.T.);
#2275 = VERTEX_POINT('',#2276);
#2276 = CARTESIAN_POINT('',(83.791,-128.967,0.));
#2277 = CIRCLE('',#2278,0.4445);
#2278 = AXIS2_PLACEMENT_3D('',#2279,#2280,#2281);
#2279 = CARTESIAN_POINT('',(83.791,-128.5225,0.));
#2280 = DIRECTION('',(-0.,0.,-1.));
#2281 = DIRECTION('',(-0.,-1.,0.));
#2282 = FACE_BOUND('',#2283,.F.);
#2283 = EDGE_LOOP('',(#2284));
#2284 = ORIENTED_EDGE('',*,*,#2285,.T.);
#2285 = EDGE_CURVE('',#2286,#2286,#2288,.T.);
#2286 = VERTEX_POINT('',#2287);
#2287 = CARTESIAN_POINT('',(107.,-130.9,0.));
#2288 = CIRCLE('',#2289,0.4);
#2289 = AXIS2_PLACEMENT_3D('',#2290,#2291,#2292);
#2290 = CARTESIAN_POINT('',(107.,-130.5,0.));
#2291 = DIRECTION('',(-0.,0.,-1.));
#2292 = DIRECTION('',(-0.,-1.,0.));
#2293 = FACE_BOUND('',#2294,.F.);
#2294 = EDGE_LOOP('',(#2295));
#2295 = ORIENTED_EDGE('',*,*,#2296,.T.);
#2296 = EDGE_CURVE('',#2297,#2297,#2299,.T.);
#2297 = VERTEX_POINT('',#2298);
#2298 = CARTESIAN_POINT('',(83.791,-126.427,0.));
#2299 = CIRCLE('',#2300,0.4445);
#2300 = AXIS2_PLACEMENT_3D('',#2301,#2302,#2303);
#2301 = CARTESIAN_POINT('',(83.791,-125.9825,0.));
#2302 = DIRECTION('',(-0.,0.,-1.));
#2303 = DIRECTION('',(-0.,-1.,0.));
#2304 = FACE_BOUND('',#2305,.F.);
#2305 = EDGE_LOOP('',(#2306));
#2306 = ORIENTED_EDGE('',*,*,#2307,.T.);
#2307 = EDGE_CURVE('',#2308,#2308,#2310,.T.);
#2308 = VERTEX_POINT('',#2309);
#2309 = CARTESIAN_POINT('',(83.791,-123.887,0.));
#2310 = CIRCLE('',#2311,0.4445);
#2311 = AXIS2_PLACEMENT_3D('',#2312,#2313,#2314);
#2312 = CARTESIAN_POINT('',(83.791,-123.4425,0.));
#2313 = DIRECTION('',(-0.,0.,-1.));
#2314 = DIRECTION('',(-0.,-1.,0.));
#2315 = FACE_BOUND('',#2316,.F.);
#2316 = EDGE_LOOP('',(#2317));
#2317 = ORIENTED_EDGE('',*,*,#2318,.T.);
#2318 = EDGE_CURVE('',#2319,#2319,#2321,.T.);
#2319 = VERTEX_POINT('',#2320);
#2320 = CARTESIAN_POINT('',(94.2,-126.,0.));
#2321 = CIRCLE('',#2322,0.5);
#2322 = AXIS2_PLACEMENT_3D('',#2323,#2324,#2325);
#2323 = CARTESIAN_POINT('',(94.2,-125.5,0.));
#2324 = DIRECTION('',(-0.,0.,-1.));
#2325 = DIRECTION('',(-0.,-1.,0.));
#2326 = FACE_BOUND('',#2327,.F.);
#2327 = EDGE_LOOP('',(#2328));
#2328 = ORIENTED_EDGE('',*,*,#2329,.T.);
#2329 = EDGE_CURVE('',#2330,#2330,#2332,.T.);
#2330 = VERTEX_POINT('',#2331);
#2331 = CARTESIAN_POINT('',(83.791,-121.347,0.));
#2332 = CIRCLE('',#2333,0.4445);
#2333 = AXIS2_PLACEMENT_3D('',#2334,#2335,#2336);
#2334 = CARTESIAN_POINT('',(83.791,-120.9025,0.));
#2335 = DIRECTION('',(-0.,0.,-1.));
#2336 = DIRECTION('',(-0.,-1.,0.));
#2337 = FACE_BOUND('',#2338,.F.);
#2338 = EDGE_LOOP('',(#2339));
#2339 = ORIENTED_EDGE('',*,*,#2340,.T.);
#2340 = EDGE_CURVE('',#2341,#2341,#2343,.T.);
#2341 = VERTEX_POINT('',#2342);
#2342 = CARTESIAN_POINT('',(101.8,-126.,0.));
#2343 = CIRCLE('',#2344,0.5);
#2344 = AXIS2_PLACEMENT_3D('',#2345,#2346,#2347);
#2345 = CARTESIAN_POINT('',(101.8,-125.5,0.));
#2346 = DIRECTION('',(-0.,0.,-1.));
#2347 = DIRECTION('',(-0.,-1.,0.));
#2348 = FACE_BOUND('',#2349,.F.);
#2349 = EDGE_LOOP('',(#2350));
#2350 = ORIENTED_EDGE('',*,*,#2351,.T.);
#2351 = EDGE_CURVE('',#2352,#2352,#2354,.T.);
#2352 = VERTEX_POINT('',#2353);
#2353 = CARTESIAN_POINT('',(109.,-151.92,0.));
#2354 = CIRCLE('',#2355,0.5);
#2355 = AXIS2_PLACEMENT_3D('',#2356,#2357,#2358);
#2356 = CARTESIAN_POINT('',(109.,-151.42,0.));
#2357 = DIRECTION('',(-0.,0.,-1.));
#2358 = DIRECTION('',(-0.,-1.,0.));
#2359 = FACE_BOUND('',#2360,.F.);
#2360 = EDGE_LOOP('',(#2361));
#2361 = ORIENTED_EDGE('',*,*,#2362,.T.);
#2362 = EDGE_CURVE('',#2363,#2363,#2365,.T.);
#2363 = VERTEX_POINT('',#2364);
#2364 = CARTESIAN_POINT('',(109.,-149.38,0.));
#2365 = CIRCLE('',#2366,0.5);
#2366 = AXIS2_PLACEMENT_3D('',#2367,#2368,#2369);
#2367 = CARTESIAN_POINT('',(109.,-148.88,0.));
#2368 = DIRECTION('',(-0.,0.,-1.));
#2369 = DIRECTION('',(-0.,-1.,0.));
#2370 = FACE_BOUND('',#2371,.F.);
#2371 = EDGE_LOOP('',(#2372));
#2372 = ORIENTED_EDGE('',*,*,#2373,.T.);
#2373 = EDGE_CURVE('',#2374,#2374,#2376,.T.);
#2374 = VERTEX_POINT('',#2375);
#2375 = CARTESIAN_POINT('',(119.576,-141.411,0.));
#2376 = CIRCLE('',#2377,0.381);
#2377 = AXIS2_PLACEMENT_3D('',#2378,#2379,#2380);
#2378 = CARTESIAN_POINT('',(119.576,-141.03,0.));
#2379 = DIRECTION('',(-0.,0.,-1.));
#2380 = DIRECTION('',(-0.,-1.,0.));
#2381 = FACE_BOUND('',#2382,.F.);
#2382 = EDGE_LOOP('',(#2383));
#2383 = ORIENTED_EDGE('',*,*,#2384,.T.);
#2384 = EDGE_CURVE('',#2385,#2385,#2387,.T.);
#2385 = VERTEX_POINT('',#2386);
#2386 = CARTESIAN_POINT('',(119.576,-138.871,0.));
#2387 = CIRCLE('',#2388,0.381);
#2388 = AXIS2_PLACEMENT_3D('',#2389,#2390,#2391);
#2389 = CARTESIAN_POINT('',(119.576,-138.49,0.));
#2390 = DIRECTION('',(-0.,0.,-1.));
#2391 = DIRECTION('',(-0.,-1.,0.));
#2392 = FACE_BOUND('',#2393,.F.);
#2393 = EDGE_LOOP('',(#2394));
#2394 = ORIENTED_EDGE('',*,*,#2395,.T.);
#2395 = EDGE_CURVE('',#2396,#2396,#2398,.T.);
#2396 = VERTEX_POINT('',#2397);
#2397 = CARTESIAN_POINT('',(119.576,-136.331,0.));
#2398 = CIRCLE('',#2399,0.381);
#2399 = AXIS2_PLACEMENT_3D('',#2400,#2401,#2402);
#2400 = CARTESIAN_POINT('',(119.576,-135.95,0.));
#2401 = DIRECTION('',(-0.,0.,-1.));
#2402 = DIRECTION('',(-0.,-1.,0.));
#2403 = FACE_BOUND('',#2404,.F.);
#2404 = EDGE_LOOP('',(#2405));
#2405 = ORIENTED_EDGE('',*,*,#2406,.T.);
#2406 = EDGE_CURVE('',#2407,#2407,#2409,.T.);
#2407 = VERTEX_POINT('',#2408);
#2408 = CARTESIAN_POINT('',(119.576,-133.791,0.));
#2409 = CIRCLE('',#2410,0.381);
#2410 = AXIS2_PLACEMENT_3D('',#2411,#2412,#2413);
#2411 = CARTESIAN_POINT('',(119.576,-133.41,0.));
#2412 = DIRECTION('',(-0.,0.,-1.));
#2413 = DIRECTION('',(-0.,-1.,0.));
#2414 = FACE_BOUND('',#2415,.F.);
#2415 = EDGE_LOOP('',(#2416));
#2416 = ORIENTED_EDGE('',*,*,#2417,.T.);
#2417 = EDGE_CURVE('',#2418,#2418,#2420,.T.);
#2418 = VERTEX_POINT('',#2419);
#2419 = CARTESIAN_POINT('',(114.62,-130.9,0.));
#2420 = CIRCLE('',#2421,0.4);
#2421 = AXIS2_PLACEMENT_3D('',#2422,#2423,#2424);
#2422 = CARTESIAN_POINT('',(114.62,-130.5,0.));
#2423 = DIRECTION('',(-0.,0.,-1.));
#2424 = DIRECTION('',(-0.,-1.,0.));
#2425 = FACE_BOUND('',#2426,.F.);
#2426 = EDGE_LOOP('',(#2427));
#2427 = ORIENTED_EDGE('',*,*,#2428,.T.);
#2428 = EDGE_CURVE('',#2429,#2429,#2431,.T.);
#2429 = VERTEX_POINT('',#2430);
#2430 = CARTESIAN_POINT('',(119.576,-131.251,0.));
#2431 = CIRCLE('',#2432,0.381);
#2432 = AXIS2_PLACEMENT_3D('',#2433,#2434,#2435);
#2433 = CARTESIAN_POINT('',(119.576,-130.87,0.));
#2434 = DIRECTION('',(-0.,0.,-1.));
#2435 = DIRECTION('',(-0.,-1.,0.));
#2436 = FACE_BOUND('',#2437,.F.);
#2437 = EDGE_LOOP('',(#2438));
#2438 = ORIENTED_EDGE('',*,*,#2439,.T.);
#2439 = EDGE_CURVE('',#2440,#2440,#2442,.T.);
#2440 = VERTEX_POINT('',#2441);
#2441 = CARTESIAN_POINT('',(119.576,-128.711,0.));
#2442 = CIRCLE('',#2443,0.381);
#2443 = AXIS2_PLACEMENT_3D('',#2444,#2445,#2446);
#2444 = CARTESIAN_POINT('',(119.576,-128.33,0.));
#2445 = DIRECTION('',(-0.,0.,-1.));
#2446 = DIRECTION('',(-0.,-1.,0.));
#2447 = FACE_BOUND('',#2448,.F.);
#2448 = EDGE_LOOP('',(#2449));
#2449 = ORIENTED_EDGE('',*,*,#2450,.T.);
#2450 = EDGE_CURVE('',#2451,#2451,#2453,.T.);
#2451 = VERTEX_POINT('',#2452);
#2452 = CARTESIAN_POINT('',(109.46,-121.95,0.));
#2453 = CIRCLE('',#2454,0.45);
#2454 = AXIS2_PLACEMENT_3D('',#2455,#2456,#2457);
#2455 = CARTESIAN_POINT('',(109.46,-121.5,0.));
#2456 = DIRECTION('',(-0.,0.,-1.));
#2457 = DIRECTION('',(-3.157967714489E-14,-1.,0.));
#2458 = FACE_BOUND('',#2459,.F.);
#2459 = EDGE_LOOP('',(#2460));
#2460 = ORIENTED_EDGE('',*,*,#2461,.T.);
#2461 = EDGE_CURVE('',#2462,#2462,#2464,.T.);
#2462 = VERTEX_POINT('',#2463);
#2463 = CARTESIAN_POINT('',(112.,-121.95,0.));
#2464 = CIRCLE('',#2465,0.45);
#2465 = AXIS2_PLACEMENT_3D('',#2466,#2467,#2468);
#2466 = CARTESIAN_POINT('',(112.,-121.5,0.));
#2467 = DIRECTION('',(-0.,0.,-1.));
#2468 = DIRECTION('',(-0.,-1.,0.));
#2469 = FACE_BOUND('',#2470,.F.);
#2470 = EDGE_LOOP('',(#2471));
#2471 = ORIENTED_EDGE('',*,*,#2472,.T.);
#2472 = EDGE_CURVE('',#2473,#2473,#2475,.T.);
#2473 = VERTEX_POINT('',#2474);
#2474 = CARTESIAN_POINT('',(155.,-121.1,0.));
#2475 = CIRCLE('',#2476,1.1);
#2476 = AXIS2_PLACEMENT_3D('',#2477,#2478,#2479);
#2477 = CARTESIAN_POINT('',(155.,-120.,0.));
#2478 = DIRECTION('',(-0.,0.,-1.));
#2479 = DIRECTION('',(-0.,-1.,0.));
#2480 = PLANE('',#2481);
#2481 = AXIS2_PLACEMENT_3D('',#2482,#2483,#2484);
#2482 = CARTESIAN_POINT('',(0.,0.,0.));
#2483 = DIRECTION('',(0.,0.,1.));
#2484 = DIRECTION('',(1.,0.,-0.));
#2485 = ADVANCED_FACE('',(#2486,#2532,#2543,#2554,#2565,#2576,#2587,
    #2598,#2609,#2620,#2631,#2642,#2653,#2664,#2700,#2711,#2722,#2733,
    #2744,#2755,#2766,#2777,#2788,#2799,#2810,#2821,#2832,#2843,#2854,
    #2865,#2876,#2887,#2898,#2909,#2920,#2931,#2942,#2953,#2989,#3000,
    #3011,#3022,#3033,#3044,#3055,#3066,#3077,#3088,#3099,#3110,#3121,
    #3132,#3143,#3154,#3165,#3176,#3187,#3198,#3209,#3220,#3231,#3242,
    #3253,#3264,#3275,#3286,#3297),#3308,.T.);
#2486 = FACE_BOUND('',#2487,.T.);
#2487 = EDGE_LOOP('',(#2488,#2489,#2490,#2499,#2507,#2516,#2524,#2531));
#2488 = ORIENTED_EDGE('',*,*,#1567,.F.);
#2489 = ORIENTED_EDGE('',*,*,#1609,.F.);
#2490 = ORIENTED_EDGE('',*,*,#2491,.F.);
#2491 = EDGE_CURVE('',#2492,#1602,#2494,.T.);
#2492 = VERTEX_POINT('',#2493);
#2493 = CARTESIAN_POINT('',(56.,-120.,1.51));
#2494 = CIRCLE('',#2495,4.00000042591);
#2495 = AXIS2_PLACEMENT_3D('',#2496,#2497,#2498);
#2496 = CARTESIAN_POINT('',(60.00000042591,-120.0000004259,1.51));
#2497 = DIRECTION('',(0.,0.,-1.));
#2498 = DIRECTION('',(-1.,1.064775354421E-07,0.));
#2499 = ORIENTED_EDGE('',*,*,#2500,.F.);
#2500 = EDGE_CURVE('',#2501,#2492,#2503,.T.);
#2501 = VERTEX_POINT('',#2502);
#2502 = CARTESIAN_POINT('',(57.,-185.,1.51));
#2503 = LINE('',#2504,#2505);
#2504 = CARTESIAN_POINT('',(57.,-185.,1.51));
#2505 = VECTOR('',#2506,1.);
#2506 = DIRECTION('',(-1.53827950432E-02,0.999881677808,0.));
#2507 = ORIENTED_EDGE('',*,*,#2508,.F.);
#2508 = EDGE_CURVE('',#2509,#2501,#2511,.T.);
#2509 = VERTEX_POINT('',#2510);
#2510 = CARTESIAN_POINT('',(61.,-189.,1.51));
#2511 = CIRCLE('',#2512,4.00000042591);
#2512 = AXIS2_PLACEMENT_3D('',#2513,#2514,#2515);
#2513 = CARTESIAN_POINT('',(61.00000042591,-184.999999574,1.51));
#2514 = DIRECTION('',(0.,0.,-1.));
#2515 = DIRECTION('',(-1.064775336658E-07,-1.,-0.));
#2516 = ORIENTED_EDGE('',*,*,#2517,.F.);
#2517 = EDGE_CURVE('',#2518,#2509,#2520,.T.);
#2518 = VERTEX_POINT('',#2519);
#2519 = CARTESIAN_POINT('',(155.,-189.,1.51));
#2520 = LINE('',#2521,#2522);
#2521 = CARTESIAN_POINT('',(155.,-189.,1.51));
#2522 = VECTOR('',#2523,1.);
#2523 = DIRECTION('',(-1.,0.,0.));
#2524 = ORIENTED_EDGE('',*,*,#2525,.F.);
#2525 = EDGE_CURVE('',#1632,#2518,#2526,.T.);
#2526 = CIRCLE('',#2527,4.00000042591);
#2527 = AXIS2_PLACEMENT_3D('',#2528,#2529,#2530);
#2528 = CARTESIAN_POINT('',(154.99999957409,-184.999999574,1.51));
#2529 = DIRECTION('',(0.,0.,-1.));
#2530 = DIRECTION('',(1.,-1.06477524784E-07,0.));
#2531 = ORIENTED_EDGE('',*,*,#1631,.F.);
#2532 = FACE_BOUND('',#2533,.T.);
#2533 = EDGE_LOOP('',(#2534));
#2534 = ORIENTED_EDGE('',*,*,#2535,.T.);
#2535 = EDGE_CURVE('',#2536,#2536,#2538,.T.);
#2536 = VERTEX_POINT('',#2537);
#2537 = CARTESIAN_POINT('',(61.,-186.1,1.51));
#2538 = CIRCLE('',#2539,1.1);
#2539 = AXIS2_PLACEMENT_3D('',#2540,#2541,#2542);
#2540 = CARTESIAN_POINT('',(61.,-185.,1.51));
#2541 = DIRECTION('',(-0.,0.,-1.));
#2542 = DIRECTION('',(-0.,-1.,0.));
#2543 = FACE_BOUND('',#2544,.T.);
#2544 = EDGE_LOOP('',(#2545));
#2545 = ORIENTED_EDGE('',*,*,#2546,.T.);
#2546 = EDGE_CURVE('',#2547,#2547,#2549,.T.);
#2547 = VERTEX_POINT('',#2548);
#2548 = CARTESIAN_POINT('',(70.5,-174.85,1.51));
#2549 = CIRCLE('',#2550,0.85);
#2550 = AXIS2_PLACEMENT_3D('',#2551,#2552,#2553);
#2551 = CARTESIAN_POINT('',(70.5,-174.,1.51));
#2552 = DIRECTION('',(-0.,0.,-1.));
#2553 = DIRECTION('',(-0.,-1.,0.));
#2554 = FACE_BOUND('',#2555,.T.);
#2555 = EDGE_LOOP('',(#2556));
#2556 = ORIENTED_EDGE('',*,*,#2557,.T.);
#2557 = EDGE_CURVE('',#2558,#2558,#2560,.T.);
#2558 = VERTEX_POINT('',#2559);
#2559 = CARTESIAN_POINT('',(75.58,-176.,1.51));
#2560 = CIRCLE('',#2561,2.);
#2561 = AXIS2_PLACEMENT_3D('',#2562,#2563,#2564);
#2562 = CARTESIAN_POINT('',(75.58,-174.,1.51));
#2563 = DIRECTION('',(-0.,0.,-1.));
#2564 = DIRECTION('',(-0.,-1.,0.));
#2565 = FACE_BOUND('',#2566,.T.);
#2566 = EDGE_LOOP('',(#2567));
#2567 = ORIENTED_EDGE('',*,*,#2568,.T.);
#2568 = EDGE_CURVE('',#2569,#2569,#2571,.T.);
#2569 = VERTEX_POINT('',#2570);
#2570 = CARTESIAN_POINT('',(80.66,-174.85,1.51));
#2571 = CIRCLE('',#2572,0.85);
#2572 = AXIS2_PLACEMENT_3D('',#2573,#2574,#2575);
#2573 = CARTESIAN_POINT('',(80.66,-174.,1.51));
#2574 = DIRECTION('',(-0.,0.,-1.));
#2575 = DIRECTION('',(-0.,-1.,0.));
#2576 = FACE_BOUND('',#2577,.T.);
#2577 = EDGE_LOOP('',(#2578));
#2578 = ORIENTED_EDGE('',*,*,#2579,.T.);
#2579 = EDGE_CURVE('',#2580,#2580,#2582,.T.);
#2580 = VERTEX_POINT('',#2581);
#2581 = CARTESIAN_POINT('',(71.77,-172.21,1.51));
#2582 = CIRCLE('',#2583,0.75);
#2583 = AXIS2_PLACEMENT_3D('',#2584,#2585,#2586);
#2584 = CARTESIAN_POINT('',(71.77,-171.46,1.51));
#2585 = DIRECTION('',(-0.,0.,-1.));
#2586 = DIRECTION('',(-0.,-1.,0.));
#2587 = FACE_BOUND('',#2588,.T.);
#2588 = EDGE_LOOP('',(#2589));
#2589 = ORIENTED_EDGE('',*,*,#2590,.T.);
#2590 = EDGE_CURVE('',#2591,#2591,#2593,.T.);
#2591 = VERTEX_POINT('',#2592);
#2592 = CARTESIAN_POINT('',(91.34,-174.85,1.51));
#2593 = CIRCLE('',#2594,0.85);
#2594 = AXIS2_PLACEMENT_3D('',#2595,#2596,#2597);
#2595 = CARTESIAN_POINT('',(91.34,-174.,1.51));
#2596 = DIRECTION('',(-0.,0.,-1.));
#2597 = DIRECTION('',(-0.,-1.,0.));
#2598 = FACE_BOUND('',#2599,.T.);
#2599 = EDGE_LOOP('',(#2600));
#2600 = ORIENTED_EDGE('',*,*,#2601,.T.);
#2601 = EDGE_CURVE('',#2602,#2602,#2604,.T.);
#2602 = VERTEX_POINT('',#2603);
#2603 = CARTESIAN_POINT('',(92.61,-172.21,1.51));
#2604 = CIRCLE('',#2605,0.75);
#2605 = AXIS2_PLACEMENT_3D('',#2606,#2607,#2608);
#2606 = CARTESIAN_POINT('',(92.61,-171.46,1.51));
#2607 = DIRECTION('',(-0.,0.,-1.));
#2608 = DIRECTION('',(-0.,-1.,0.));
#2609 = FACE_BOUND('',#2610,.T.);
#2610 = EDGE_LOOP('',(#2611));
#2611 = ORIENTED_EDGE('',*,*,#2612,.T.);
#2612 = EDGE_CURVE('',#2613,#2613,#2615,.T.);
#2613 = VERTEX_POINT('',#2614);
#2614 = CARTESIAN_POINT('',(96.42,-176.,1.51));
#2615 = CIRCLE('',#2616,2.);
#2616 = AXIS2_PLACEMENT_3D('',#2617,#2618,#2619);
#2617 = CARTESIAN_POINT('',(96.42,-174.,1.51));
#2618 = DIRECTION('',(-0.,0.,-1.));
#2619 = DIRECTION('',(-0.,-1.,0.));
#2620 = FACE_BOUND('',#2621,.T.);
#2621 = EDGE_LOOP('',(#2622));
#2622 = ORIENTED_EDGE('',*,*,#2623,.T.);
#2623 = EDGE_CURVE('',#2624,#2624,#2626,.T.);
#2624 = VERTEX_POINT('',#2625);
#2625 = CARTESIAN_POINT('',(101.5,-174.85,1.51));
#2626 = CIRCLE('',#2627,0.85);
#2627 = AXIS2_PLACEMENT_3D('',#2628,#2629,#2630);
#2628 = CARTESIAN_POINT('',(101.5,-174.,1.51));
#2629 = DIRECTION('',(-0.,0.,-1.));
#2630 = DIRECTION('',(-0.,-1.,0.));
#2631 = FACE_BOUND('',#2632,.T.);
#2632 = EDGE_LOOP('',(#2633));
#2633 = ORIENTED_EDGE('',*,*,#2634,.T.);
#2634 = EDGE_CURVE('',#2635,#2635,#2637,.T.);
#2635 = VERTEX_POINT('',#2636);
#2636 = CARTESIAN_POINT('',(78.12,-169.67,1.51));
#2637 = CIRCLE('',#2638,0.75);
#2638 = AXIS2_PLACEMENT_3D('',#2639,#2640,#2641);
#2639 = CARTESIAN_POINT('',(78.12,-168.92,1.51));
#2640 = DIRECTION('',(-0.,0.,-1.));
#2641 = DIRECTION('',(-0.,-1.,0.));
#2642 = FACE_BOUND('',#2643,.T.);
#2643 = EDGE_LOOP('',(#2644));
#2644 = ORIENTED_EDGE('',*,*,#2645,.T.);
#2645 = EDGE_CURVE('',#2646,#2646,#2648,.T.);
#2646 = VERTEX_POINT('',#2647);
#2647 = CARTESIAN_POINT('',(98.96,-169.67,1.51));
#2648 = CIRCLE('',#2649,0.75);
#2649 = AXIS2_PLACEMENT_3D('',#2650,#2651,#2652);
#2650 = CARTESIAN_POINT('',(98.96,-168.92,1.51));
#2651 = DIRECTION('',(-0.,0.,-1.));
#2652 = DIRECTION('',(-0.,-1.,0.));
#2653 = FACE_BOUND('',#2654,.T.);
#2654 = EDGE_LOOP('',(#2655));
#2655 = ORIENTED_EDGE('',*,*,#2656,.T.);
#2656 = EDGE_CURVE('',#2657,#2657,#2659,.T.);
#2657 = VERTEX_POINT('',#2658);
#2658 = CARTESIAN_POINT('',(90.,-155.6,1.51));
#2659 = CIRCLE('',#2660,0.5);
#2660 = AXIS2_PLACEMENT_3D('',#2661,#2662,#2663);
#2661 = CARTESIAN_POINT('',(90.,-155.1,1.51));
#2662 = DIRECTION('',(-0.,0.,-1.));
#2663 = DIRECTION('',(-0.,-1.,0.));
#2664 = FACE_BOUND('',#2665,.T.);
#2665 = EDGE_LOOP('',(#2666,#2677,#2685,#2694));
#2666 = ORIENTED_EDGE('',*,*,#2667,.T.);
#2667 = EDGE_CURVE('',#2668,#2670,#2672,.T.);
#2668 = VERTEX_POINT('',#2669);
#2669 = CARTESIAN_POINT('',(98.15,-157.45,1.51));
#2670 = VERTEX_POINT('',#2671);
#2671 = CARTESIAN_POINT('',(98.15,-158.95,1.51));
#2672 = CIRCLE('',#2673,0.75);
#2673 = AXIS2_PLACEMENT_3D('',#2674,#2675,#2676);
#2674 = CARTESIAN_POINT('',(98.15,-158.2,1.51));
#2675 = DIRECTION('',(-0.,0.,-1.));
#2676 = DIRECTION('',(-0.,-1.,0.));
#2677 = ORIENTED_EDGE('',*,*,#2678,.T.);
#2678 = EDGE_CURVE('',#2670,#2679,#2681,.T.);
#2679 = VERTEX_POINT('',#2680);
#2680 = CARTESIAN_POINT('',(96.85,-158.95,1.51));
#2681 = LINE('',#2682,#2683);
#2682 = CARTESIAN_POINT('',(48.425,-158.95,1.51));
#2683 = VECTOR('',#2684,1.);
#2684 = DIRECTION('',(-1.,0.,0.));
#2685 = ORIENTED_EDGE('',*,*,#2686,.T.);
#2686 = EDGE_CURVE('',#2679,#2687,#2689,.T.);
#2687 = VERTEX_POINT('',#2688);
#2688 = CARTESIAN_POINT('',(96.85,-157.45,1.51));
#2689 = CIRCLE('',#2690,0.75);
#2690 = AXIS2_PLACEMENT_3D('',#2691,#2692,#2693);
#2691 = CARTESIAN_POINT('',(96.85,-158.2,1.51));
#2692 = DIRECTION('',(-0.,0.,-1.));
#2693 = DIRECTION('',(0.,1.,0.));
#2694 = ORIENTED_EDGE('',*,*,#2695,.T.);
#2695 = EDGE_CURVE('',#2687,#2668,#2696,.T.);
#2696 = LINE('',#2697,#2698);
#2697 = CARTESIAN_POINT('',(49.075,-157.45,1.51));
#2698 = VECTOR('',#2699,1.);
#2699 = DIRECTION('',(1.,0.,-0.));
#2700 = FACE_BOUND('',#2701,.T.);
#2701 = EDGE_LOOP('',(#2702));
#2702 = ORIENTED_EDGE('',*,*,#2703,.T.);
#2703 = EDGE_CURVE('',#2704,#2704,#2706,.T.);
#2704 = VERTEX_POINT('',#2705);
#2705 = CARTESIAN_POINT('',(104.5,-155.6,1.51));
#2706 = CIRCLE('',#2707,0.5);
#2707 = AXIS2_PLACEMENT_3D('',#2708,#2709,#2710);
#2708 = CARTESIAN_POINT('',(104.5,-155.1,1.51));
#2709 = DIRECTION('',(-0.,0.,-1.));
#2710 = DIRECTION('',(-0.,-1.,0.));
#2711 = FACE_BOUND('',#2712,.T.);
#2712 = EDGE_LOOP('',(#2713));
#2713 = ORIENTED_EDGE('',*,*,#2714,.T.);
#2714 = EDGE_CURVE('',#2715,#2715,#2717,.T.);
#2715 = VERTEX_POINT('',#2716);
#2716 = CARTESIAN_POINT('',(111.84,-174.85,1.51));
#2717 = CIRCLE('',#2718,0.85);
#2718 = AXIS2_PLACEMENT_3D('',#2719,#2720,#2721);
#2719 = CARTESIAN_POINT('',(111.84,-174.,1.51));
#2720 = DIRECTION('',(-0.,0.,-1.));
#2721 = DIRECTION('',(-0.,-1.,0.));
#2722 = FACE_BOUND('',#2723,.T.);
#2723 = EDGE_LOOP('',(#2724));
#2724 = ORIENTED_EDGE('',*,*,#2725,.T.);
#2725 = EDGE_CURVE('',#2726,#2726,#2728,.T.);
#2726 = VERTEX_POINT('',#2727);
#2727 = CARTESIAN_POINT('',(116.92,-176.,1.51));
#2728 = CIRCLE('',#2729,2.);
#2729 = AXIS2_PLACEMENT_3D('',#2730,#2731,#2732);
#2730 = CARTESIAN_POINT('',(116.92,-174.,1.51));
#2731 = DIRECTION('',(-0.,0.,-1.));
#2732 = DIRECTION('',(-0.,-1.,0.));
#2733 = FACE_BOUND('',#2734,.T.);
#2734 = EDGE_LOOP('',(#2735));
#2735 = ORIENTED_EDGE('',*,*,#2736,.T.);
#2736 = EDGE_CURVE('',#2737,#2737,#2739,.T.);
#2737 = VERTEX_POINT('',#2738);
#2738 = CARTESIAN_POINT('',(113.11,-172.21,1.51));
#2739 = CIRCLE('',#2740,0.75);
#2740 = AXIS2_PLACEMENT_3D('',#2741,#2742,#2743);
#2741 = CARTESIAN_POINT('',(113.11,-171.46,1.51));
#2742 = DIRECTION('',(-0.,0.,-1.));
#2743 = DIRECTION('',(-0.,-1.,0.));
#2744 = FACE_BOUND('',#2745,.T.);
#2745 = EDGE_LOOP('',(#2746));
#2746 = ORIENTED_EDGE('',*,*,#2747,.T.);
#2747 = EDGE_CURVE('',#2748,#2748,#2750,.T.);
#2748 = VERTEX_POINT('',#2749);
#2749 = CARTESIAN_POINT('',(122.,-174.85,1.51));
#2750 = CIRCLE('',#2751,0.85);
#2751 = AXIS2_PLACEMENT_3D('',#2752,#2753,#2754);
#2752 = CARTESIAN_POINT('',(122.,-174.,1.51));
#2753 = DIRECTION('',(-0.,0.,-1.));
#2754 = DIRECTION('',(-0.,-1.,0.));
#2755 = FACE_BOUND('',#2756,.T.);
#2756 = EDGE_LOOP('',(#2757));
#2757 = ORIENTED_EDGE('',*,*,#2758,.T.);
#2758 = EDGE_CURVE('',#2759,#2759,#2761,.T.);
#2759 = VERTEX_POINT('',#2760);
#2760 = CARTESIAN_POINT('',(155.,-186.6,1.51));
#2761 = CIRCLE('',#2762,1.1);
#2762 = AXIS2_PLACEMENT_3D('',#2763,#2764,#2765);
#2763 = CARTESIAN_POINT('',(155.,-185.5,1.51));
#2764 = DIRECTION('',(-0.,0.,-1.));
#2765 = DIRECTION('',(-0.,-1.,0.));
#2766 = FACE_BOUND('',#2767,.T.);
#2767 = EDGE_LOOP('',(#2768));
#2768 = ORIENTED_EDGE('',*,*,#2769,.T.);
#2769 = EDGE_CURVE('',#2770,#2770,#2772,.T.);
#2770 = VERTEX_POINT('',#2771);
#2771 = CARTESIAN_POINT('',(132.84,-174.85,1.51));
#2772 = CIRCLE('',#2773,0.85);
#2773 = AXIS2_PLACEMENT_3D('',#2774,#2775,#2776);
#2774 = CARTESIAN_POINT('',(132.84,-174.,1.51));
#2775 = DIRECTION('',(-0.,0.,-1.));
#2776 = DIRECTION('',(-0.,-1.,0.));
#2777 = FACE_BOUND('',#2778,.T.);
#2778 = EDGE_LOOP('',(#2779));
#2779 = ORIENTED_EDGE('',*,*,#2780,.T.);
#2780 = EDGE_CURVE('',#2781,#2781,#2783,.T.);
#2781 = VERTEX_POINT('',#2782);
#2782 = CARTESIAN_POINT('',(137.92,-176.,1.51));
#2783 = CIRCLE('',#2784,2.);
#2784 = AXIS2_PLACEMENT_3D('',#2785,#2786,#2787);
#2785 = CARTESIAN_POINT('',(137.92,-174.,1.51));
#2786 = DIRECTION('',(-0.,0.,-1.));
#2787 = DIRECTION('',(-0.,-1.,0.));
#2788 = FACE_BOUND('',#2789,.T.);
#2789 = EDGE_LOOP('',(#2790));
#2790 = ORIENTED_EDGE('',*,*,#2791,.T.);
#2791 = EDGE_CURVE('',#2792,#2792,#2794,.T.);
#2792 = VERTEX_POINT('',#2793);
#2793 = CARTESIAN_POINT('',(143.,-174.85,1.51));
#2794 = CIRCLE('',#2795,0.85);
#2795 = AXIS2_PLACEMENT_3D('',#2796,#2797,#2798);
#2796 = CARTESIAN_POINT('',(143.,-174.,1.51));
#2797 = DIRECTION('',(-0.,0.,-1.));
#2798 = DIRECTION('',(-0.,-1.,0.));
#2799 = FACE_BOUND('',#2800,.T.);
#2800 = EDGE_LOOP('',(#2801));
#2801 = ORIENTED_EDGE('',*,*,#2802,.T.);
#2802 = EDGE_CURVE('',#2803,#2803,#2805,.T.);
#2803 = VERTEX_POINT('',#2804);
#2804 = CARTESIAN_POINT('',(134.11,-172.21,1.51));
#2805 = CIRCLE('',#2806,0.75);
#2806 = AXIS2_PLACEMENT_3D('',#2807,#2808,#2809);
#2807 = CARTESIAN_POINT('',(134.11,-171.46,1.51));
#2808 = DIRECTION('',(-0.,0.,-1.));
#2809 = DIRECTION('',(-0.,-1.,0.));
#2810 = FACE_BOUND('',#2811,.T.);
#2811 = EDGE_LOOP('',(#2812));
#2812 = ORIENTED_EDGE('',*,*,#2813,.T.);
#2813 = EDGE_CURVE('',#2814,#2814,#2816,.T.);
#2814 = VERTEX_POINT('',#2815);
#2815 = CARTESIAN_POINT('',(119.46,-169.67,1.51));
#2816 = CIRCLE('',#2817,0.75);
#2817 = AXIS2_PLACEMENT_3D('',#2818,#2819,#2820);
#2818 = CARTESIAN_POINT('',(119.46,-168.92,1.51));
#2819 = DIRECTION('',(-0.,0.,-1.));
#2820 = DIRECTION('',(-0.,-1.,0.));
#2821 = FACE_BOUND('',#2822,.T.);
#2822 = EDGE_LOOP('',(#2823));
#2823 = ORIENTED_EDGE('',*,*,#2824,.T.);
#2824 = EDGE_CURVE('',#2825,#2825,#2827,.T.);
#2825 = VERTEX_POINT('',#2826);
#2826 = CARTESIAN_POINT('',(109.,-157.,1.51));
#2827 = CIRCLE('',#2828,0.5);
#2828 = AXIS2_PLACEMENT_3D('',#2829,#2830,#2831);
#2829 = CARTESIAN_POINT('',(109.,-156.5,1.51));
#2830 = DIRECTION('',(-0.,0.,-1.));
#2831 = DIRECTION('',(-0.,-1.,0.));
#2832 = FACE_BOUND('',#2833,.T.);
#2833 = EDGE_LOOP('',(#2834));
#2834 = ORIENTED_EDGE('',*,*,#2835,.T.);
#2835 = EDGE_CURVE('',#2836,#2836,#2838,.T.);
#2836 = VERTEX_POINT('',#2837);
#2837 = CARTESIAN_POINT('',(109.,-154.46,1.51));
#2838 = CIRCLE('',#2839,0.5);
#2839 = AXIS2_PLACEMENT_3D('',#2840,#2841,#2842);
#2840 = CARTESIAN_POINT('',(109.,-153.96,1.51));
#2841 = DIRECTION('',(-0.,0.,-1.));
#2842 = DIRECTION('',(-0.,-1.,0.));
#2843 = FACE_BOUND('',#2844,.T.);
#2844 = EDGE_LOOP('',(#2845));
#2845 = ORIENTED_EDGE('',*,*,#2846,.T.);
#2846 = EDGE_CURVE('',#2847,#2847,#2849,.T.);
#2847 = VERTEX_POINT('',#2848);
#2848 = CARTESIAN_POINT('',(140.46,-169.67,1.51));
#2849 = CIRCLE('',#2850,0.75);
#2850 = AXIS2_PLACEMENT_3D('',#2851,#2852,#2853);
#2851 = CARTESIAN_POINT('',(140.46,-168.92,1.51));
#2852 = DIRECTION('',(-0.,0.,-1.));
#2853 = DIRECTION('',(-0.,-1.,0.));
#2854 = FACE_BOUND('',#2855,.T.);
#2855 = EDGE_LOOP('',(#2856));
#2856 = ORIENTED_EDGE('',*,*,#2857,.T.);
#2857 = EDGE_CURVE('',#2858,#2858,#2860,.T.);
#2858 = VERTEX_POINT('',#2859);
#2859 = CARTESIAN_POINT('',(70.34,-153.35,1.51));
#2860 = CIRCLE('',#2861,0.85);
#2861 = AXIS2_PLACEMENT_3D('',#2862,#2863,#2864);
#2862 = CARTESIAN_POINT('',(70.34,-152.5,1.51));
#2863 = DIRECTION('',(-0.,0.,-1.));
#2864 = DIRECTION('',(-0.,-1.,0.));
#2865 = FACE_BOUND('',#2866,.T.);
#2866 = EDGE_LOOP('',(#2867));
#2867 = ORIENTED_EDGE('',*,*,#2868,.T.);
#2868 = EDGE_CURVE('',#2869,#2869,#2871,.T.);
#2869 = VERTEX_POINT('',#2870);
#2870 = CARTESIAN_POINT('',(75.42,-154.5,1.51));
#2871 = CIRCLE('',#2872,2.);
#2872 = AXIS2_PLACEMENT_3D('',#2873,#2874,#2875);
#2873 = CARTESIAN_POINT('',(75.42,-152.5,1.51));
#2874 = DIRECTION('',(-0.,0.,-1.));
#2875 = DIRECTION('',(-0.,-1.,0.));
#2876 = FACE_BOUND('',#2877,.T.);
#2877 = EDGE_LOOP('',(#2878));
#2878 = ORIENTED_EDGE('',*,*,#2879,.T.);
#2879 = EDGE_CURVE('',#2880,#2880,#2882,.T.);
#2880 = VERTEX_POINT('',#2881);
#2881 = CARTESIAN_POINT('',(71.61,-150.71,1.51));
#2882 = CIRCLE('',#2883,0.75);
#2883 = AXIS2_PLACEMENT_3D('',#2884,#2885,#2886);
#2884 = CARTESIAN_POINT('',(71.61,-149.96,1.51));
#2885 = DIRECTION('',(-0.,0.,-1.));
#2886 = DIRECTION('',(-0.,-1.,0.));
#2887 = FACE_BOUND('',#2888,.T.);
#2888 = EDGE_LOOP('',(#2889));
#2889 = ORIENTED_EDGE('',*,*,#2890,.T.);
#2890 = EDGE_CURVE('',#2891,#2891,#2893,.T.);
#2891 = VERTEX_POINT('',#2892);
#2892 = CARTESIAN_POINT('',(80.5,-153.35,1.51));
#2893 = CIRCLE('',#2894,0.85);
#2894 = AXIS2_PLACEMENT_3D('',#2895,#2896,#2897);
#2895 = CARTESIAN_POINT('',(80.5,-152.5,1.51));
#2896 = DIRECTION('',(-0.,0.,-1.));
#2897 = DIRECTION('',(-0.,-1.,0.));
#2898 = FACE_BOUND('',#2899,.T.);
#2899 = EDGE_LOOP('',(#2900));
#2900 = ORIENTED_EDGE('',*,*,#2901,.T.);
#2901 = EDGE_CURVE('',#2902,#2902,#2904,.T.);
#2902 = VERTEX_POINT('',#2903);
#2903 = CARTESIAN_POINT('',(77.96,-148.17,1.51));
#2904 = CIRCLE('',#2905,0.75);
#2905 = AXIS2_PLACEMENT_3D('',#2906,#2907,#2908);
#2906 = CARTESIAN_POINT('',(77.96,-147.42,1.51));
#2907 = DIRECTION('',(-0.,0.,-1.));
#2908 = DIRECTION('',(-0.,-1.,0.));
#2909 = FACE_BOUND('',#2910,.T.);
#2910 = EDGE_LOOP('',(#2911));
#2911 = ORIENTED_EDGE('',*,*,#2912,.T.);
#2912 = EDGE_CURVE('',#2913,#2913,#2915,.T.);
#2913 = VERTEX_POINT('',#2914);
#2914 = CARTESIAN_POINT('',(68.551,-136.587,1.51));
#2915 = CIRCLE('',#2916,0.4445);
#2916 = AXIS2_PLACEMENT_3D('',#2917,#2918,#2919);
#2917 = CARTESIAN_POINT('',(68.551,-136.1425,1.51));
#2918 = DIRECTION('',(-0.,0.,-1.));
#2919 = DIRECTION('',(-0.,-1.,0.));
#2920 = FACE_BOUND('',#2921,.T.);
#2921 = EDGE_LOOP('',(#2922));
#2922 = ORIENTED_EDGE('',*,*,#2923,.T.);
#2923 = EDGE_CURVE('',#2924,#2924,#2926,.T.);
#2924 = VERTEX_POINT('',#2925);
#2925 = CARTESIAN_POINT('',(90.,-153.1,1.51));
#2926 = CIRCLE('',#2927,0.5);
#2927 = AXIS2_PLACEMENT_3D('',#2928,#2929,#2930);
#2928 = CARTESIAN_POINT('',(90.,-152.6,1.51));
#2929 = DIRECTION('',(-0.,0.,-1.));
#2930 = DIRECTION('',(-0.,-1.,0.));
#2931 = FACE_BOUND('',#2932,.T.);
#2932 = EDGE_LOOP('',(#2933));
#2933 = ORIENTED_EDGE('',*,*,#2934,.T.);
#2934 = EDGE_CURVE('',#2935,#2935,#2937,.T.);
#2935 = VERTEX_POINT('',#2936);
#2936 = CARTESIAN_POINT('',(90.,-150.6,1.51));
#2937 = CIRCLE('',#2938,0.5);
#2938 = AXIS2_PLACEMENT_3D('',#2939,#2940,#2941);
#2939 = CARTESIAN_POINT('',(90.,-150.1,1.51));
#2940 = DIRECTION('',(-0.,0.,-1.));
#2941 = DIRECTION('',(-0.,-1.,0.));
#2942 = FACE_BOUND('',#2943,.T.);
#2943 = EDGE_LOOP('',(#2944));
#2944 = ORIENTED_EDGE('',*,*,#2945,.T.);
#2945 = EDGE_CURVE('',#2946,#2946,#2948,.T.);
#2946 = VERTEX_POINT('',#2947);
#2947 = CARTESIAN_POINT('',(104.5,-150.6,1.51));
#2948 = CIRCLE('',#2949,0.5);
#2949 = AXIS2_PLACEMENT_3D('',#2950,#2951,#2952);
#2950 = CARTESIAN_POINT('',(104.5,-150.1,1.51));
#2951 = DIRECTION('',(-0.,0.,-1.));
#2952 = DIRECTION('',(-0.,-1.,0.));
#2953 = FACE_BOUND('',#2954,.T.);
#2954 = EDGE_LOOP('',(#2955,#2966,#2974,#2983));
#2955 = ORIENTED_EDGE('',*,*,#2956,.T.);
#2956 = EDGE_CURVE('',#2957,#2959,#2961,.T.);
#2957 = VERTEX_POINT('',#2958);
#2958 = CARTESIAN_POINT('',(98.15,-146.25,1.51));
#2959 = VERTEX_POINT('',#2960);
#2960 = CARTESIAN_POINT('',(98.15,-147.75,1.51));
#2961 = CIRCLE('',#2962,0.75);
#2962 = AXIS2_PLACEMENT_3D('',#2963,#2964,#2965);
#2963 = CARTESIAN_POINT('',(98.15,-147.,1.51));
#2964 = DIRECTION('',(-0.,0.,-1.));
#2965 = DIRECTION('',(-0.,-1.,0.));
#2966 = ORIENTED_EDGE('',*,*,#2967,.T.);
#2967 = EDGE_CURVE('',#2959,#2968,#2970,.T.);
#2968 = VERTEX_POINT('',#2969);
#2969 = CARTESIAN_POINT('',(96.85,-147.75,1.51));
#2970 = LINE('',#2971,#2972);
#2971 = CARTESIAN_POINT('',(48.425,-147.75,1.51));
#2972 = VECTOR('',#2973,1.);
#2973 = DIRECTION('',(-1.,0.,0.));
#2974 = ORIENTED_EDGE('',*,*,#2975,.T.);
#2975 = EDGE_CURVE('',#2968,#2976,#2978,.T.);
#2976 = VERTEX_POINT('',#2977);
#2977 = CARTESIAN_POINT('',(96.85,-146.25,1.51));
#2978 = CIRCLE('',#2979,0.75);
#2979 = AXIS2_PLACEMENT_3D('',#2980,#2981,#2982);
#2980 = CARTESIAN_POINT('',(96.85,-147.,1.51));
#2981 = DIRECTION('',(-0.,0.,-1.));
#2982 = DIRECTION('',(0.,1.,0.));
#2983 = ORIENTED_EDGE('',*,*,#2984,.T.);
#2984 = EDGE_CURVE('',#2976,#2957,#2985,.T.);
#2985 = LINE('',#2986,#2987);
#2986 = CARTESIAN_POINT('',(49.075,-146.25,1.51));
#2987 = VECTOR('',#2988,1.);
#2988 = DIRECTION('',(1.,0.,-0.));
#2989 = FACE_BOUND('',#2990,.T.);
#2990 = EDGE_LOOP('',(#2991));
#2991 = ORIENTED_EDGE('',*,*,#2992,.T.);
#2992 = EDGE_CURVE('',#2993,#2993,#2995,.T.);
#2993 = VERTEX_POINT('',#2994);
#2994 = CARTESIAN_POINT('',(83.791,-136.587,1.51));
#2995 = CIRCLE('',#2996,0.4445);
#2996 = AXIS2_PLACEMENT_3D('',#2997,#2998,#2999);
#2997 = CARTESIAN_POINT('',(83.791,-136.1425,1.51));
#2998 = DIRECTION('',(-0.,0.,-1.));
#2999 = DIRECTION('',(-0.,-1.,0.));
#3000 = FACE_BOUND('',#3001,.T.);
#3001 = EDGE_LOOP('',(#3002));
#3002 = ORIENTED_EDGE('',*,*,#3003,.T.);
#3003 = EDGE_CURVE('',#3004,#3004,#3006,.T.);
#3004 = VERTEX_POINT('',#3005);
#3005 = CARTESIAN_POINT('',(68.551,-134.047,1.51));
#3006 = CIRCLE('',#3007,0.4445);
#3007 = AXIS2_PLACEMENT_3D('',#3008,#3009,#3010);
#3008 = CARTESIAN_POINT('',(68.551,-133.6025,1.51));
#3009 = DIRECTION('',(-0.,0.,-1.));
#3010 = DIRECTION('',(-0.,-1.,0.));
#3011 = FACE_BOUND('',#3012,.T.);
#3012 = EDGE_LOOP('',(#3013));
#3013 = ORIENTED_EDGE('',*,*,#3014,.T.);
#3014 = EDGE_CURVE('',#3015,#3015,#3017,.T.);
#3015 = VERTEX_POINT('',#3016);
#3016 = CARTESIAN_POINT('',(68.551,-131.507,1.51));
#3017 = CIRCLE('',#3018,0.4445);
#3018 = AXIS2_PLACEMENT_3D('',#3019,#3020,#3021);
#3019 = CARTESIAN_POINT('',(68.551,-131.0625,1.51));
#3020 = DIRECTION('',(-0.,0.,-1.));
#3021 = DIRECTION('',(-0.,-1.,0.));
#3022 = FACE_BOUND('',#3023,.T.);
#3023 = EDGE_LOOP('',(#3024));
#3024 = ORIENTED_EDGE('',*,*,#3025,.T.);
#3025 = EDGE_CURVE('',#3026,#3026,#3028,.T.);
#3026 = VERTEX_POINT('',#3027);
#3027 = CARTESIAN_POINT('',(68.551,-128.967,1.51));
#3028 = CIRCLE('',#3029,0.4445);
#3029 = AXIS2_PLACEMENT_3D('',#3030,#3031,#3032);
#3030 = CARTESIAN_POINT('',(68.551,-128.5225,1.51));
#3031 = DIRECTION('',(-0.,0.,-1.));
#3032 = DIRECTION('',(-0.,-1.,0.));
#3033 = FACE_BOUND('',#3034,.T.);
#3034 = EDGE_LOOP('',(#3035));
#3035 = ORIENTED_EDGE('',*,*,#3036,.T.);
#3036 = EDGE_CURVE('',#3037,#3037,#3039,.T.);
#3037 = VERTEX_POINT('',#3038);
#3038 = CARTESIAN_POINT('',(68.551,-126.427,1.51));
#3039 = CIRCLE('',#3040,0.4445);
#3040 = AXIS2_PLACEMENT_3D('',#3041,#3042,#3043);
#3041 = CARTESIAN_POINT('',(68.551,-125.9825,1.51));
#3042 = DIRECTION('',(-0.,0.,-1.));
#3043 = DIRECTION('',(-0.,-1.,0.));
#3044 = FACE_BOUND('',#3045,.T.);
#3045 = EDGE_LOOP('',(#3046));
#3046 = ORIENTED_EDGE('',*,*,#3047,.T.);
#3047 = EDGE_CURVE('',#3048,#3048,#3050,.T.);
#3048 = VERTEX_POINT('',#3049);
#3049 = CARTESIAN_POINT('',(68.551,-123.887,1.51));
#3050 = CIRCLE('',#3051,0.4445);
#3051 = AXIS2_PLACEMENT_3D('',#3052,#3053,#3054);
#3052 = CARTESIAN_POINT('',(68.551,-123.4425,1.51));
#3053 = DIRECTION('',(-0.,0.,-1.));
#3054 = DIRECTION('',(-0.,-1.,0.));
#3055 = FACE_BOUND('',#3056,.T.);
#3056 = EDGE_LOOP('',(#3057));
#3057 = ORIENTED_EDGE('',*,*,#3058,.T.);
#3058 = EDGE_CURVE('',#3059,#3059,#3061,.T.);
#3059 = VERTEX_POINT('',#3060);
#3060 = CARTESIAN_POINT('',(60.,-121.1,1.51));
#3061 = CIRCLE('',#3062,1.1);
#3062 = AXIS2_PLACEMENT_3D('',#3063,#3064,#3065);
#3063 = CARTESIAN_POINT('',(60.,-120.,1.51));
#3064 = DIRECTION('',(-0.,0.,-1.));
#3065 = DIRECTION('',(-0.,-1.,0.));
#3066 = FACE_BOUND('',#3067,.T.);
#3067 = EDGE_LOOP('',(#3068));
#3068 = ORIENTED_EDGE('',*,*,#3069,.T.);
#3069 = EDGE_CURVE('',#3070,#3070,#3072,.T.);
#3070 = VERTEX_POINT('',#3071);
#3071 = CARTESIAN_POINT('',(68.551,-121.347,1.51));
#3072 = CIRCLE('',#3073,0.4445);
#3073 = AXIS2_PLACEMENT_3D('',#3074,#3075,#3076);
#3074 = CARTESIAN_POINT('',(68.551,-120.9025,1.51));
#3075 = DIRECTION('',(-0.,0.,-1.));
#3076 = DIRECTION('',(-0.,-1.,0.));
#3077 = FACE_BOUND('',#3078,.T.);
#3078 = EDGE_LOOP('',(#3079));
#3079 = ORIENTED_EDGE('',*,*,#3080,.T.);
#3080 = EDGE_CURVE('',#3081,#3081,#3083,.T.);
#3081 = VERTEX_POINT('',#3082);
#3082 = CARTESIAN_POINT('',(83.791,-134.047,1.51));
#3083 = CIRCLE('',#3084,0.4445);
#3084 = AXIS2_PLACEMENT_3D('',#3085,#3086,#3087);
#3085 = CARTESIAN_POINT('',(83.791,-133.6025,1.51));
#3086 = DIRECTION('',(-0.,0.,-1.));
#3087 = DIRECTION('',(-0.,-1.,0.));
#3088 = FACE_BOUND('',#3089,.T.);
#3089 = EDGE_LOOP('',(#3090));
#3090 = ORIENTED_EDGE('',*,*,#3091,.T.);
#3091 = EDGE_CURVE('',#3092,#3092,#3094,.T.);
#3092 = VERTEX_POINT('',#3093);
#3093 = CARTESIAN_POINT('',(83.791,-131.507,1.51));
#3094 = CIRCLE('',#3095,0.4445);
#3095 = AXIS2_PLACEMENT_3D('',#3096,#3097,#3098);
#3096 = CARTESIAN_POINT('',(83.791,-131.0625,1.51));
#3097 = DIRECTION('',(-0.,0.,-1.));
#3098 = DIRECTION('',(-0.,-1.,0.));
#3099 = FACE_BOUND('',#3100,.T.);
#3100 = EDGE_LOOP('',(#3101));
#3101 = ORIENTED_EDGE('',*,*,#3102,.T.);
#3102 = EDGE_CURVE('',#3103,#3103,#3105,.T.);
#3103 = VERTEX_POINT('',#3104);
#3104 = CARTESIAN_POINT('',(83.791,-128.967,1.51));
#3105 = CIRCLE('',#3106,0.4445);
#3106 = AXIS2_PLACEMENT_3D('',#3107,#3108,#3109);
#3107 = CARTESIAN_POINT('',(83.791,-128.5225,1.51));
#3108 = DIRECTION('',(-0.,0.,-1.));
#3109 = DIRECTION('',(-0.,-1.,0.));
#3110 = FACE_BOUND('',#3111,.T.);
#3111 = EDGE_LOOP('',(#3112));
#3112 = ORIENTED_EDGE('',*,*,#3113,.T.);
#3113 = EDGE_CURVE('',#3114,#3114,#3116,.T.);
#3114 = VERTEX_POINT('',#3115);
#3115 = CARTESIAN_POINT('',(107.,-130.9,1.51));
#3116 = CIRCLE('',#3117,0.4);
#3117 = AXIS2_PLACEMENT_3D('',#3118,#3119,#3120);
#3118 = CARTESIAN_POINT('',(107.,-130.5,1.51));
#3119 = DIRECTION('',(-0.,0.,-1.));
#3120 = DIRECTION('',(-0.,-1.,0.));
#3121 = FACE_BOUND('',#3122,.T.);
#3122 = EDGE_LOOP('',(#3123));
#3123 = ORIENTED_EDGE('',*,*,#3124,.T.);
#3124 = EDGE_CURVE('',#3125,#3125,#3127,.T.);
#3125 = VERTEX_POINT('',#3126);
#3126 = CARTESIAN_POINT('',(83.791,-126.427,1.51));
#3127 = CIRCLE('',#3128,0.4445);
#3128 = AXIS2_PLACEMENT_3D('',#3129,#3130,#3131);
#3129 = CARTESIAN_POINT('',(83.791,-125.9825,1.51));
#3130 = DIRECTION('',(-0.,0.,-1.));
#3131 = DIRECTION('',(-0.,-1.,0.));
#3132 = FACE_BOUND('',#3133,.T.);
#3133 = EDGE_LOOP('',(#3134));
#3134 = ORIENTED_EDGE('',*,*,#3135,.T.);
#3135 = EDGE_CURVE('',#3136,#3136,#3138,.T.);
#3136 = VERTEX_POINT('',#3137);
#3137 = CARTESIAN_POINT('',(83.791,-123.887,1.51));
#3138 = CIRCLE('',#3139,0.4445);
#3139 = AXIS2_PLACEMENT_3D('',#3140,#3141,#3142);
#3140 = CARTESIAN_POINT('',(83.791,-123.4425,1.51));
#3141 = DIRECTION('',(-0.,0.,-1.));
#3142 = DIRECTION('',(-0.,-1.,0.));
#3143 = FACE_BOUND('',#3144,.T.);
#3144 = EDGE_LOOP('',(#3145));
#3145 = ORIENTED_EDGE('',*,*,#3146,.T.);
#3146 = EDGE_CURVE('',#3147,#3147,#3149,.T.);
#3147 = VERTEX_POINT('',#3148);
#3148 = CARTESIAN_POINT('',(94.2,-126.,1.51));
#3149 = CIRCLE('',#3150,0.5);
#3150 = AXIS2_PLACEMENT_3D('',#3151,#3152,#3153);
#3151 = CARTESIAN_POINT('',(94.2,-125.5,1.51));
#3152 = DIRECTION('',(-0.,0.,-1.));
#3153 = DIRECTION('',(-0.,-1.,0.));
#3154 = FACE_BOUND('',#3155,.T.);
#3155 = EDGE_LOOP('',(#3156));
#3156 = ORIENTED_EDGE('',*,*,#3157,.T.);
#3157 = EDGE_CURVE('',#3158,#3158,#3160,.T.);
#3158 = VERTEX_POINT('',#3159);
#3159 = CARTESIAN_POINT('',(83.791,-121.347,1.51));
#3160 = CIRCLE('',#3161,0.4445);
#3161 = AXIS2_PLACEMENT_3D('',#3162,#3163,#3164);
#3162 = CARTESIAN_POINT('',(83.791,-120.9025,1.51));
#3163 = DIRECTION('',(-0.,0.,-1.));
#3164 = DIRECTION('',(-0.,-1.,0.));
#3165 = FACE_BOUND('',#3166,.T.);
#3166 = EDGE_LOOP('',(#3167));
#3167 = ORIENTED_EDGE('',*,*,#3168,.T.);
#3168 = EDGE_CURVE('',#3169,#3169,#3171,.T.);
#3169 = VERTEX_POINT('',#3170);
#3170 = CARTESIAN_POINT('',(101.8,-126.,1.51));
#3171 = CIRCLE('',#3172,0.5);
#3172 = AXIS2_PLACEMENT_3D('',#3173,#3174,#3175);
#3173 = CARTESIAN_POINT('',(101.8,-125.5,1.51));
#3174 = DIRECTION('',(-0.,0.,-1.));
#3175 = DIRECTION('',(-0.,-1.,0.));
#3176 = FACE_BOUND('',#3177,.T.);
#3177 = EDGE_LOOP('',(#3178));
#3178 = ORIENTED_EDGE('',*,*,#3179,.T.);
#3179 = EDGE_CURVE('',#3180,#3180,#3182,.T.);
#3180 = VERTEX_POINT('',#3181);
#3181 = CARTESIAN_POINT('',(109.,-151.92,1.51));
#3182 = CIRCLE('',#3183,0.5);
#3183 = AXIS2_PLACEMENT_3D('',#3184,#3185,#3186);
#3184 = CARTESIAN_POINT('',(109.,-151.42,1.51));
#3185 = DIRECTION('',(-0.,0.,-1.));
#3186 = DIRECTION('',(-0.,-1.,0.));
#3187 = FACE_BOUND('',#3188,.T.);
#3188 = EDGE_LOOP('',(#3189));
#3189 = ORIENTED_EDGE('',*,*,#3190,.T.);
#3190 = EDGE_CURVE('',#3191,#3191,#3193,.T.);
#3191 = VERTEX_POINT('',#3192);
#3192 = CARTESIAN_POINT('',(109.,-149.38,1.51));
#3193 = CIRCLE('',#3194,0.5);
#3194 = AXIS2_PLACEMENT_3D('',#3195,#3196,#3197);
#3195 = CARTESIAN_POINT('',(109.,-148.88,1.51));
#3196 = DIRECTION('',(-0.,0.,-1.));
#3197 = DIRECTION('',(-0.,-1.,0.));
#3198 = FACE_BOUND('',#3199,.T.);
#3199 = EDGE_LOOP('',(#3200));
#3200 = ORIENTED_EDGE('',*,*,#3201,.T.);
#3201 = EDGE_CURVE('',#3202,#3202,#3204,.T.);
#3202 = VERTEX_POINT('',#3203);
#3203 = CARTESIAN_POINT('',(119.576,-141.411,1.51));
#3204 = CIRCLE('',#3205,0.381);
#3205 = AXIS2_PLACEMENT_3D('',#3206,#3207,#3208);
#3206 = CARTESIAN_POINT('',(119.576,-141.03,1.51));
#3207 = DIRECTION('',(-0.,0.,-1.));
#3208 = DIRECTION('',(-0.,-1.,0.));
#3209 = FACE_BOUND('',#3210,.T.);
#3210 = EDGE_LOOP('',(#3211));
#3211 = ORIENTED_EDGE('',*,*,#3212,.T.);
#3212 = EDGE_CURVE('',#3213,#3213,#3215,.T.);
#3213 = VERTEX_POINT('',#3214);
#3214 = CARTESIAN_POINT('',(119.576,-138.871,1.51));
#3215 = CIRCLE('',#3216,0.381);
#3216 = AXIS2_PLACEMENT_3D('',#3217,#3218,#3219);
#3217 = CARTESIAN_POINT('',(119.576,-138.49,1.51));
#3218 = DIRECTION('',(-0.,0.,-1.));
#3219 = DIRECTION('',(-0.,-1.,0.));
#3220 = FACE_BOUND('',#3221,.T.);
#3221 = EDGE_LOOP('',(#3222));
#3222 = ORIENTED_EDGE('',*,*,#3223,.T.);
#3223 = EDGE_CURVE('',#3224,#3224,#3226,.T.);
#3224 = VERTEX_POINT('',#3225);
#3225 = CARTESIAN_POINT('',(119.576,-136.331,1.51));
#3226 = CIRCLE('',#3227,0.381);
#3227 = AXIS2_PLACEMENT_3D('',#3228,#3229,#3230);
#3228 = CARTESIAN_POINT('',(119.576,-135.95,1.51));
#3229 = DIRECTION('',(-0.,0.,-1.));
#3230 = DIRECTION('',(-0.,-1.,0.));
#3231 = FACE_BOUND('',#3232,.T.);
#3232 = EDGE_LOOP('',(#3233));
#3233 = ORIENTED_EDGE('',*,*,#3234,.T.);
#3234 = EDGE_CURVE('',#3235,#3235,#3237,.T.);
#3235 = VERTEX_POINT('',#3236);
#3236 = CARTESIAN_POINT('',(119.576,-133.791,1.51));
#3237 = CIRCLE('',#3238,0.381);
#3238 = AXIS2_PLACEMENT_3D('',#3239,#3240,#3241);
#3239 = CARTESIAN_POINT('',(119.576,-133.41,1.51));
#3240 = DIRECTION('',(-0.,0.,-1.));
#3241 = DIRECTION('',(-0.,-1.,0.));
#3242 = FACE_BOUND('',#3243,.T.);
#3243 = EDGE_LOOP('',(#3244));
#3244 = ORIENTED_EDGE('',*,*,#3245,.T.);
#3245 = EDGE_CURVE('',#3246,#3246,#3248,.T.);
#3246 = VERTEX_POINT('',#3247);
#3247 = CARTESIAN_POINT('',(114.62,-130.9,1.51));
#3248 = CIRCLE('',#3249,0.4);
#3249 = AXIS2_PLACEMENT_3D('',#3250,#3251,#3252);
#3250 = CARTESIAN_POINT('',(114.62,-130.5,1.51));
#3251 = DIRECTION('',(-0.,0.,-1.));
#3252 = DIRECTION('',(-0.,-1.,0.));
#3253 = FACE_BOUND('',#3254,.T.);
#3254 = EDGE_LOOP('',(#3255));
#3255 = ORIENTED_EDGE('',*,*,#3256,.T.);
#3256 = EDGE_CURVE('',#3257,#3257,#3259,.T.);
#3257 = VERTEX_POINT('',#3258);
#3258 = CARTESIAN_POINT('',(119.576,-131.251,1.51));
#3259 = CIRCLE('',#3260,0.381);
#3260 = AXIS2_PLACEMENT_3D('',#3261,#3262,#3263);
#3261 = CARTESIAN_POINT('',(119.576,-130.87,1.51));
#3262 = DIRECTION('',(-0.,0.,-1.));
#3263 = DIRECTION('',(-0.,-1.,0.));
#3264 = FACE_BOUND('',#3265,.T.);
#3265 = EDGE_LOOP('',(#3266));
#3266 = ORIENTED_EDGE('',*,*,#3267,.T.);
#3267 = EDGE_CURVE('',#3268,#3268,#3270,.T.);
#3268 = VERTEX_POINT('',#3269);
#3269 = CARTESIAN_POINT('',(119.576,-128.711,1.51));
#3270 = CIRCLE('',#3271,0.381);
#3271 = AXIS2_PLACEMENT_3D('',#3272,#3273,#3274);
#3272 = CARTESIAN_POINT('',(119.576,-128.33,1.51));
#3273 = DIRECTION('',(-0.,0.,-1.));
#3274 = DIRECTION('',(-0.,-1.,0.));
#3275 = FACE_BOUND('',#3276,.T.);
#3276 = EDGE_LOOP('',(#3277));
#3277 = ORIENTED_EDGE('',*,*,#3278,.T.);
#3278 = EDGE_CURVE('',#3279,#3279,#3281,.T.);
#3279 = VERTEX_POINT('',#3280);
#3280 = CARTESIAN_POINT('',(109.46,-121.95,1.51));
#3281 = CIRCLE('',#3282,0.45);
#3282 = AXIS2_PLACEMENT_3D('',#3283,#3284,#3285);
#3283 = CARTESIAN_POINT('',(109.46,-121.5,1.51));
#3284 = DIRECTION('',(-0.,0.,-1.));
#3285 = DIRECTION('',(-3.157967714489E-14,-1.,0.));
#3286 = FACE_BOUND('',#3287,.T.);
#3287 = EDGE_LOOP('',(#3288));
#3288 = ORIENTED_EDGE('',*,*,#3289,.T.);
#3289 = EDGE_CURVE('',#3290,#3290,#3292,.T.);
#3290 = VERTEX_POINT('',#3291);
#3291 = CARTESIAN_POINT('',(112.,-121.95,1.51));
#3292 = CIRCLE('',#3293,0.45);
#3293 = AXIS2_PLACEMENT_3D('',#3294,#3295,#3296);
#3294 = CARTESIAN_POINT('',(112.,-121.5,1.51));
#3295 = DIRECTION('',(-0.,0.,-1.));
#3296 = DIRECTION('',(-0.,-1.,0.));
#3297 = FACE_BOUND('',#3298,.T.);
#3298 = EDGE_LOOP('',(#3299));
#3299 = ORIENTED_EDGE('',*,*,#3300,.T.);
#3300 = EDGE_CURVE('',#3301,#3301,#3303,.T.);
#3301 = VERTEX_POINT('',#3302);
#3302 = CARTESIAN_POINT('',(155.,-121.1,1.51));
#3303 = CIRCLE('',#3304,1.1);
#3304 = AXIS2_PLACEMENT_3D('',#3305,#3306,#3307);
#3305 = CARTESIAN_POINT('',(155.,-120.,1.51));
#3306 = DIRECTION('',(-0.,0.,-1.));
#3307 = DIRECTION('',(-0.,-1.,0.));
#3308 = PLANE('',#3309);
#3309 = AXIS2_PLACEMENT_3D('',#3310,#3311,#3312);
#3310 = CARTESIAN_POINT('',(0.,0.,1.51));
#3311 = DIRECTION('',(0.,0.,1.));
#3312 = DIRECTION('',(1.,0.,-0.));
#3313 = ADVANCED_FACE('',(#3314),#3325,.T.);
#3314 = FACE_BOUND('',#3315,.T.);
#3315 = EDGE_LOOP('',(#3316,#3322,#3323,#3324));
#3316 = ORIENTED_EDGE('',*,*,#3317,.T.);
#3317 = EDGE_CURVE('',#1664,#2492,#3318,.T.);
#3318 = LINE('',#3319,#3320);
#3319 = CARTESIAN_POINT('',(56.,-120.,0.));
#3320 = VECTOR('',#3321,1.);
#3321 = DIRECTION('',(0.,0.,1.));
#3322 = ORIENTED_EDGE('',*,*,#2491,.T.);
#3323 = ORIENTED_EDGE('',*,*,#1599,.F.);
#3324 = ORIENTED_EDGE('',*,*,#1663,.F.);
#3325 = CYLINDRICAL_SURFACE('',#3326,4.00000042591);
#3326 = AXIS2_PLACEMENT_3D('',#3327,#3328,#3329);
#3327 = CARTESIAN_POINT('',(60.00000042591,-120.0000004259,0.));
#3328 = DIRECTION('',(0.,0.,-1.));
#3329 = DIRECTION('',(-1.,1.064775354421E-07,0.));
#3330 = ADVANCED_FACE('',(#3331),#3342,.T.);
#3331 = FACE_BOUND('',#3332,.T.);
#3332 = EDGE_LOOP('',(#3333,#3334,#3335,#3341));
#3333 = ORIENTED_EDGE('',*,*,#1639,.T.);
#3334 = ORIENTED_EDGE('',*,*,#2525,.T.);
#3335 = ORIENTED_EDGE('',*,*,#3336,.F.);
#3336 = EDGE_CURVE('',#1690,#2518,#3337,.T.);
#3337 = LINE('',#3338,#3339);
#3338 = CARTESIAN_POINT('',(155.,-189.,0.));
#3339 = VECTOR('',#3340,1.);
#3340 = DIRECTION('',(0.,0.,1.));
#3341 = ORIENTED_EDGE('',*,*,#1697,.F.);
#3342 = CYLINDRICAL_SURFACE('',#3343,4.00000042591);
#3343 = AXIS2_PLACEMENT_3D('',#3344,#3345,#3346);
#3344 = CARTESIAN_POINT('',(154.99999957409,-184.999999574,0.));
#3345 = DIRECTION('',(0.,0.,-1.));
#3346 = DIRECTION('',(1.,-1.06477524784E-07,0.));
#3347 = ADVANCED_FACE('',(#3348),#3359,.T.);
#3348 = FACE_BOUND('',#3349,.T.);
#3349 = EDGE_LOOP('',(#3350,#3356,#3357,#3358));
#3350 = ORIENTED_EDGE('',*,*,#3351,.T.);
#3351 = EDGE_CURVE('',#1673,#2501,#3352,.T.);
#3352 = LINE('',#3353,#3354);
#3353 = CARTESIAN_POINT('',(57.,-185.,0.));
#3354 = VECTOR('',#3355,1.);
#3355 = DIRECTION('',(0.,0.,1.));
#3356 = ORIENTED_EDGE('',*,*,#2500,.T.);
#3357 = ORIENTED_EDGE('',*,*,#3317,.F.);
#3358 = ORIENTED_EDGE('',*,*,#1672,.F.);
#3359 = PLANE('',#3360);
#3360 = AXIS2_PLACEMENT_3D('',#3361,#3362,#3363);
#3361 = CARTESIAN_POINT('',(57.,-185.,0.));
#3362 = DIRECTION('',(-0.999881677808,-1.53827950432E-02,0.));
#3363 = DIRECTION('',(-1.53827950432E-02,0.999881677808,0.));
#3364 = ADVANCED_FACE('',(#3365),#3376,.T.);
#3365 = FACE_BOUND('',#3366,.T.);
#3366 = EDGE_LOOP('',(#3367,#3368,#3369,#3375));
#3367 = ORIENTED_EDGE('',*,*,#3336,.T.);
#3368 = ORIENTED_EDGE('',*,*,#2517,.T.);
#3369 = ORIENTED_EDGE('',*,*,#3370,.F.);
#3370 = EDGE_CURVE('',#1681,#2509,#3371,.T.);
#3371 = LINE('',#3372,#3373);
#3372 = CARTESIAN_POINT('',(61.,-189.,0.));
#3373 = VECTOR('',#3374,1.);
#3374 = DIRECTION('',(0.,0.,1.));
#3375 = ORIENTED_EDGE('',*,*,#1689,.F.);
#3376 = PLANE('',#3377);
#3377 = AXIS2_PLACEMENT_3D('',#3378,#3379,#3380);
#3378 = CARTESIAN_POINT('',(155.,-189.,0.));
#3379 = DIRECTION('',(0.,-1.,0.));
#3380 = DIRECTION('',(-1.,0.,0.));
#3381 = ADVANCED_FACE('',(#3382),#3388,.T.);
#3382 = FACE_BOUND('',#3383,.T.);
#3383 = EDGE_LOOP('',(#3384,#3385,#3386,#3387));
#3384 = ORIENTED_EDGE('',*,*,#3370,.T.);
#3385 = ORIENTED_EDGE('',*,*,#2508,.T.);
#3386 = ORIENTED_EDGE('',*,*,#3351,.F.);
#3387 = ORIENTED_EDGE('',*,*,#1680,.F.);
#3388 = CYLINDRICAL_SURFACE('',#3389,4.00000042591);
#3389 = AXIS2_PLACEMENT_3D('',#3390,#3391,#3392);
#3390 = CARTESIAN_POINT('',(61.00000042591,-184.999999574,0.));
#3391 = DIRECTION('',(0.,0.,-1.));
#3392 = DIRECTION('',(-1.064775336658E-07,-1.,-0.));
#3393 = ADVANCED_FACE('',(#3394),#3405,.F.);
#3394 = FACE_BOUND('',#3395,.T.);
#3395 = EDGE_LOOP('',(#3396,#3397,#3403,#3404));
#3396 = ORIENTED_EDGE('',*,*,#1707,.T.);
#3397 = ORIENTED_EDGE('',*,*,#3398,.T.);
#3398 = EDGE_CURVE('',#1708,#2536,#3399,.T.);
#3399 = LINE('',#3400,#3401);
#3400 = CARTESIAN_POINT('',(61.,-186.1,-4.6E-02));
#3401 = VECTOR('',#3402,1.);
#3402 = DIRECTION('',(0.,0.,1.));
#3403 = ORIENTED_EDGE('',*,*,#2535,.F.);
#3404 = ORIENTED_EDGE('',*,*,#3398,.F.);
#3405 = CYLINDRICAL_SURFACE('',#3406,1.1);
#3406 = AXIS2_PLACEMENT_3D('',#3407,#3408,#3409);
#3407 = CARTESIAN_POINT('',(61.,-185.,-4.6E-02));
#3408 = DIRECTION('',(-0.,-0.,-1.));
#3409 = DIRECTION('',(-0.,-1.,0.));
#3410 = ADVANCED_FACE('',(#3411),#3422,.F.);
#3411 = FACE_BOUND('',#3412,.T.);
#3412 = EDGE_LOOP('',(#3413,#3414,#3420,#3421));
#3413 = ORIENTED_EDGE('',*,*,#1718,.T.);
#3414 = ORIENTED_EDGE('',*,*,#3415,.T.);
#3415 = EDGE_CURVE('',#1719,#2547,#3416,.T.);
#3416 = LINE('',#3417,#3418);
#3417 = CARTESIAN_POINT('',(70.5,-174.85,-4.6E-02));
#3418 = VECTOR('',#3419,1.);
#3419 = DIRECTION('',(0.,0.,1.));
#3420 = ORIENTED_EDGE('',*,*,#2546,.F.);
#3421 = ORIENTED_EDGE('',*,*,#3415,.F.);
#3422 = CYLINDRICAL_SURFACE('',#3423,0.85);
#3423 = AXIS2_PLACEMENT_3D('',#3424,#3425,#3426);
#3424 = CARTESIAN_POINT('',(70.5,-174.,-4.6E-02));
#3425 = DIRECTION('',(-0.,-0.,-1.));
#3426 = DIRECTION('',(-0.,-1.,0.));
#3427 = ADVANCED_FACE('',(#3428),#3439,.F.);
#3428 = FACE_BOUND('',#3429,.T.);
#3429 = EDGE_LOOP('',(#3430,#3431,#3437,#3438));
#3430 = ORIENTED_EDGE('',*,*,#1729,.T.);
#3431 = ORIENTED_EDGE('',*,*,#3432,.T.);
#3432 = EDGE_CURVE('',#1730,#2558,#3433,.T.);
#3433 = LINE('',#3434,#3435);
#3434 = CARTESIAN_POINT('',(75.58,-176.,-4.6E-02));
#3435 = VECTOR('',#3436,1.);
#3436 = DIRECTION('',(0.,0.,1.));
#3437 = ORIENTED_EDGE('',*,*,#2557,.F.);
#3438 = ORIENTED_EDGE('',*,*,#3432,.F.);
#3439 = CYLINDRICAL_SURFACE('',#3440,2.);
#3440 = AXIS2_PLACEMENT_3D('',#3441,#3442,#3443);
#3441 = CARTESIAN_POINT('',(75.58,-174.,-4.6E-02));
#3442 = DIRECTION('',(-0.,-0.,-1.));
#3443 = DIRECTION('',(-0.,-1.,0.));
#3444 = ADVANCED_FACE('',(#3445),#3456,.F.);
#3445 = FACE_BOUND('',#3446,.T.);
#3446 = EDGE_LOOP('',(#3447,#3448,#3454,#3455));
#3447 = ORIENTED_EDGE('',*,*,#1740,.T.);
#3448 = ORIENTED_EDGE('',*,*,#3449,.T.);
#3449 = EDGE_CURVE('',#1741,#2569,#3450,.T.);
#3450 = LINE('',#3451,#3452);
#3451 = CARTESIAN_POINT('',(80.66,-174.85,-4.6E-02));
#3452 = VECTOR('',#3453,1.);
#3453 = DIRECTION('',(0.,0.,1.));
#3454 = ORIENTED_EDGE('',*,*,#2568,.F.);
#3455 = ORIENTED_EDGE('',*,*,#3449,.F.);
#3456 = CYLINDRICAL_SURFACE('',#3457,0.85);
#3457 = AXIS2_PLACEMENT_3D('',#3458,#3459,#3460);
#3458 = CARTESIAN_POINT('',(80.66,-174.,-4.6E-02));
#3459 = DIRECTION('',(-0.,-0.,-1.));
#3460 = DIRECTION('',(-0.,-1.,0.));
#3461 = ADVANCED_FACE('',(#3462),#3473,.F.);
#3462 = FACE_BOUND('',#3463,.T.);
#3463 = EDGE_LOOP('',(#3464,#3465,#3471,#3472));
#3464 = ORIENTED_EDGE('',*,*,#1751,.T.);
#3465 = ORIENTED_EDGE('',*,*,#3466,.T.);
#3466 = EDGE_CURVE('',#1752,#2580,#3467,.T.);
#3467 = LINE('',#3468,#3469);
#3468 = CARTESIAN_POINT('',(71.77,-172.21,-4.6E-02));
#3469 = VECTOR('',#3470,1.);
#3470 = DIRECTION('',(0.,0.,1.));
#3471 = ORIENTED_EDGE('',*,*,#2579,.F.);
#3472 = ORIENTED_EDGE('',*,*,#3466,.F.);
#3473 = CYLINDRICAL_SURFACE('',#3474,0.75);
#3474 = AXIS2_PLACEMENT_3D('',#3475,#3476,#3477);
#3475 = CARTESIAN_POINT('',(71.77,-171.46,-4.6E-02));
#3476 = DIRECTION('',(-0.,-0.,-1.));
#3477 = DIRECTION('',(-0.,-1.,0.));
#3478 = ADVANCED_FACE('',(#3479),#3490,.F.);
#3479 = FACE_BOUND('',#3480,.T.);
#3480 = EDGE_LOOP('',(#3481,#3482,#3488,#3489));
#3481 = ORIENTED_EDGE('',*,*,#1762,.T.);
#3482 = ORIENTED_EDGE('',*,*,#3483,.T.);
#3483 = EDGE_CURVE('',#1763,#2591,#3484,.T.);
#3484 = LINE('',#3485,#3486);
#3485 = CARTESIAN_POINT('',(91.34,-174.85,-4.6E-02));
#3486 = VECTOR('',#3487,1.);
#3487 = DIRECTION('',(0.,0.,1.));
#3488 = ORIENTED_EDGE('',*,*,#2590,.F.);
#3489 = ORIENTED_EDGE('',*,*,#3483,.F.);
#3490 = CYLINDRICAL_SURFACE('',#3491,0.85);
#3491 = AXIS2_PLACEMENT_3D('',#3492,#3493,#3494);
#3492 = CARTESIAN_POINT('',(91.34,-174.,-4.6E-02));
#3493 = DIRECTION('',(-0.,-0.,-1.));
#3494 = DIRECTION('',(-0.,-1.,0.));
#3495 = ADVANCED_FACE('',(#3496),#3507,.F.);
#3496 = FACE_BOUND('',#3497,.T.);
#3497 = EDGE_LOOP('',(#3498,#3499,#3505,#3506));
#3498 = ORIENTED_EDGE('',*,*,#1773,.T.);
#3499 = ORIENTED_EDGE('',*,*,#3500,.T.);
#3500 = EDGE_CURVE('',#1774,#2602,#3501,.T.);
#3501 = LINE('',#3502,#3503);
#3502 = CARTESIAN_POINT('',(92.61,-172.21,-4.6E-02));
#3503 = VECTOR('',#3504,1.);
#3504 = DIRECTION('',(0.,0.,1.));
#3505 = ORIENTED_EDGE('',*,*,#2601,.F.);
#3506 = ORIENTED_EDGE('',*,*,#3500,.F.);
#3507 = CYLINDRICAL_SURFACE('',#3508,0.75);
#3508 = AXIS2_PLACEMENT_3D('',#3509,#3510,#3511);
#3509 = CARTESIAN_POINT('',(92.61,-171.46,-4.6E-02));
#3510 = DIRECTION('',(-0.,-0.,-1.));
#3511 = DIRECTION('',(-0.,-1.,0.));
#3512 = ADVANCED_FACE('',(#3513),#3524,.F.);
#3513 = FACE_BOUND('',#3514,.T.);
#3514 = EDGE_LOOP('',(#3515,#3516,#3522,#3523));
#3515 = ORIENTED_EDGE('',*,*,#1784,.T.);
#3516 = ORIENTED_EDGE('',*,*,#3517,.T.);
#3517 = EDGE_CURVE('',#1785,#2613,#3518,.T.);
#3518 = LINE('',#3519,#3520);
#3519 = CARTESIAN_POINT('',(96.42,-176.,-4.6E-02));
#3520 = VECTOR('',#3521,1.);
#3521 = DIRECTION('',(0.,0.,1.));
#3522 = ORIENTED_EDGE('',*,*,#2612,.F.);
#3523 = ORIENTED_EDGE('',*,*,#3517,.F.);
#3524 = CYLINDRICAL_SURFACE('',#3525,2.);
#3525 = AXIS2_PLACEMENT_3D('',#3526,#3527,#3528);
#3526 = CARTESIAN_POINT('',(96.42,-174.,-4.6E-02));
#3527 = DIRECTION('',(-0.,-0.,-1.));
#3528 = DIRECTION('',(-0.,-1.,0.));
#3529 = ADVANCED_FACE('',(#3530),#3541,.F.);
#3530 = FACE_BOUND('',#3531,.T.);
#3531 = EDGE_LOOP('',(#3532,#3533,#3539,#3540));
#3532 = ORIENTED_EDGE('',*,*,#1795,.T.);
#3533 = ORIENTED_EDGE('',*,*,#3534,.T.);
#3534 = EDGE_CURVE('',#1796,#2624,#3535,.T.);
#3535 = LINE('',#3536,#3537);
#3536 = CARTESIAN_POINT('',(101.5,-174.85,-4.6E-02));
#3537 = VECTOR('',#3538,1.);
#3538 = DIRECTION('',(0.,0.,1.));
#3539 = ORIENTED_EDGE('',*,*,#2623,.F.);
#3540 = ORIENTED_EDGE('',*,*,#3534,.F.);
#3541 = CYLINDRICAL_SURFACE('',#3542,0.85);
#3542 = AXIS2_PLACEMENT_3D('',#3543,#3544,#3545);
#3543 = CARTESIAN_POINT('',(101.5,-174.,-4.6E-02));
#3544 = DIRECTION('',(-0.,-0.,-1.));
#3545 = DIRECTION('',(-0.,-1.,0.));
#3546 = ADVANCED_FACE('',(#3547),#3558,.F.);
#3547 = FACE_BOUND('',#3548,.T.);
#3548 = EDGE_LOOP('',(#3549,#3550,#3556,#3557));
#3549 = ORIENTED_EDGE('',*,*,#1806,.T.);
#3550 = ORIENTED_EDGE('',*,*,#3551,.T.);
#3551 = EDGE_CURVE('',#1807,#2635,#3552,.T.);
#3552 = LINE('',#3553,#3554);
#3553 = CARTESIAN_POINT('',(78.12,-169.67,-4.6E-02));
#3554 = VECTOR('',#3555,1.);
#3555 = DIRECTION('',(0.,0.,1.));
#3556 = ORIENTED_EDGE('',*,*,#2634,.F.);
#3557 = ORIENTED_EDGE('',*,*,#3551,.F.);
#3558 = CYLINDRICAL_SURFACE('',#3559,0.75);
#3559 = AXIS2_PLACEMENT_3D('',#3560,#3561,#3562);
#3560 = CARTESIAN_POINT('',(78.12,-168.92,-4.6E-02));
#3561 = DIRECTION('',(-0.,-0.,-1.));
#3562 = DIRECTION('',(-0.,-1.,0.));
#3563 = ADVANCED_FACE('',(#3564),#3575,.F.);
#3564 = FACE_BOUND('',#3565,.T.);
#3565 = EDGE_LOOP('',(#3566,#3567,#3573,#3574));
#3566 = ORIENTED_EDGE('',*,*,#1817,.T.);
#3567 = ORIENTED_EDGE('',*,*,#3568,.T.);
#3568 = EDGE_CURVE('',#1818,#2646,#3569,.T.);
#3569 = LINE('',#3570,#3571);
#3570 = CARTESIAN_POINT('',(98.96,-169.67,-4.6E-02));
#3571 = VECTOR('',#3572,1.);
#3572 = DIRECTION('',(0.,0.,1.));
#3573 = ORIENTED_EDGE('',*,*,#2645,.F.);
#3574 = ORIENTED_EDGE('',*,*,#3568,.F.);
#3575 = CYLINDRICAL_SURFACE('',#3576,0.75);
#3576 = AXIS2_PLACEMENT_3D('',#3577,#3578,#3579);
#3577 = CARTESIAN_POINT('',(98.96,-168.92,-4.6E-02));
#3578 = DIRECTION('',(-0.,-0.,-1.));
#3579 = DIRECTION('',(-0.,-1.,0.));
#3580 = ADVANCED_FACE('',(#3581),#3592,.F.);
#3581 = FACE_BOUND('',#3582,.T.);
#3582 = EDGE_LOOP('',(#3583,#3584,#3590,#3591));
#3583 = ORIENTED_EDGE('',*,*,#1828,.T.);
#3584 = ORIENTED_EDGE('',*,*,#3585,.T.);
#3585 = EDGE_CURVE('',#1829,#2657,#3586,.T.);
#3586 = LINE('',#3587,#3588);
#3587 = CARTESIAN_POINT('',(90.,-155.6,-4.6E-02));
#3588 = VECTOR('',#3589,1.);
#3589 = DIRECTION('',(0.,0.,1.));
#3590 = ORIENTED_EDGE('',*,*,#2656,.F.);
#3591 = ORIENTED_EDGE('',*,*,#3585,.F.);
#3592 = CYLINDRICAL_SURFACE('',#3593,0.5);
#3593 = AXIS2_PLACEMENT_3D('',#3594,#3595,#3596);
#3594 = CARTESIAN_POINT('',(90.,-155.1,-4.6E-02));
#3595 = DIRECTION('',(-0.,-0.,-1.));
#3596 = DIRECTION('',(-0.,-1.,0.));
#3597 = ADVANCED_FACE('',(#3598),#3614,.F.);
#3598 = FACE_BOUND('',#3599,.T.);
#3599 = EDGE_LOOP('',(#3600,#3601,#3607,#3608));
#3600 = ORIENTED_EDGE('',*,*,#1839,.T.);
#3601 = ORIENTED_EDGE('',*,*,#3602,.T.);
#3602 = EDGE_CURVE('',#1842,#2670,#3603,.T.);
#3603 = LINE('',#3604,#3605);
#3604 = CARTESIAN_POINT('',(98.15,-158.95,-4.6E-02));
#3605 = VECTOR('',#3606,1.);
#3606 = DIRECTION('',(0.,0.,1.));
#3607 = ORIENTED_EDGE('',*,*,#2667,.F.);
#3608 = ORIENTED_EDGE('',*,*,#3609,.F.);
#3609 = EDGE_CURVE('',#1840,#2668,#3610,.T.);
#3610 = LINE('',#3611,#3612);
#3611 = CARTESIAN_POINT('',(98.15,-157.45,-4.6E-02));
#3612 = VECTOR('',#3613,1.);
#3613 = DIRECTION('',(0.,0.,1.));
#3614 = CYLINDRICAL_SURFACE('',#3615,0.75);
#3615 = AXIS2_PLACEMENT_3D('',#3616,#3617,#3618);
#3616 = CARTESIAN_POINT('',(98.15,-158.2,-4.6E-02));
#3617 = DIRECTION('',(-0.,-0.,-1.));
#3618 = DIRECTION('',(-0.,-1.,0.));
#3619 = ADVANCED_FACE('',(#3620),#3631,.T.);
#3620 = FACE_BOUND('',#3621,.T.);
#3621 = EDGE_LOOP('',(#3622,#3623,#3624,#3625));
#3622 = ORIENTED_EDGE('',*,*,#1867,.T.);
#3623 = ORIENTED_EDGE('',*,*,#3609,.T.);
#3624 = ORIENTED_EDGE('',*,*,#2695,.F.);
#3625 = ORIENTED_EDGE('',*,*,#3626,.F.);
#3626 = EDGE_CURVE('',#1859,#2687,#3627,.T.);
#3627 = LINE('',#3628,#3629);
#3628 = CARTESIAN_POINT('',(96.85,-157.45,-4.6E-02));
#3629 = VECTOR('',#3630,1.);
#3630 = DIRECTION('',(0.,0.,1.));
#3631 = PLANE('',#3632);
#3632 = AXIS2_PLACEMENT_3D('',#3633,#3634,#3635);
#3633 = CARTESIAN_POINT('',(98.15,-157.45,-4.6E-02));
#3634 = DIRECTION('',(0.,-1.,0.));
#3635 = DIRECTION('',(-1.,0.,0.));
#3636 = ADVANCED_FACE('',(#3637),#3648,.F.);
#3637 = FACE_BOUND('',#3638,.T.);
#3638 = EDGE_LOOP('',(#3639,#3640,#3641,#3642));
#3639 = ORIENTED_EDGE('',*,*,#1858,.T.);
#3640 = ORIENTED_EDGE('',*,*,#3626,.T.);
#3641 = ORIENTED_EDGE('',*,*,#2686,.F.);
#3642 = ORIENTED_EDGE('',*,*,#3643,.F.);
#3643 = EDGE_CURVE('',#1851,#2679,#3644,.T.);
#3644 = LINE('',#3645,#3646);
#3645 = CARTESIAN_POINT('',(96.85,-158.95,-4.6E-02));
#3646 = VECTOR('',#3647,1.);
#3647 = DIRECTION('',(0.,0.,1.));
#3648 = CYLINDRICAL_SURFACE('',#3649,0.75);
#3649 = AXIS2_PLACEMENT_3D('',#3650,#3651,#3652);
#3650 = CARTESIAN_POINT('',(96.85,-158.2,-4.6E-02));
#3651 = DIRECTION('',(-0.,0.,-1.));
#3652 = DIRECTION('',(0.,1.,0.));
#3653 = ADVANCED_FACE('',(#3654),#3660,.T.);
#3654 = FACE_BOUND('',#3655,.T.);
#3655 = EDGE_LOOP('',(#3656,#3657,#3658,#3659));
#3656 = ORIENTED_EDGE('',*,*,#1850,.T.);
#3657 = ORIENTED_EDGE('',*,*,#3643,.T.);
#3658 = ORIENTED_EDGE('',*,*,#2678,.F.);
#3659 = ORIENTED_EDGE('',*,*,#3602,.F.);
#3660 = PLANE('',#3661);
#3661 = AXIS2_PLACEMENT_3D('',#3662,#3663,#3664);
#3662 = CARTESIAN_POINT('',(96.85,-158.95,-4.6E-02));
#3663 = DIRECTION('',(0.,1.,0.));
#3664 = DIRECTION('',(1.,0.,0.));
#3665 = ADVANCED_FACE('',(#3666),#3677,.F.);
#3666 = FACE_BOUND('',#3667,.T.);
#3667 = EDGE_LOOP('',(#3668,#3669,#3675,#3676));
#3668 = ORIENTED_EDGE('',*,*,#1875,.T.);
#3669 = ORIENTED_EDGE('',*,*,#3670,.T.);
#3670 = EDGE_CURVE('',#1876,#2704,#3671,.T.);
#3671 = LINE('',#3672,#3673);
#3672 = CARTESIAN_POINT('',(104.5,-155.6,-4.6E-02));
#3673 = VECTOR('',#3674,1.);
#3674 = DIRECTION('',(0.,0.,1.));
#3675 = ORIENTED_EDGE('',*,*,#2703,.F.);
#3676 = ORIENTED_EDGE('',*,*,#3670,.F.);
#3677 = CYLINDRICAL_SURFACE('',#3678,0.5);
#3678 = AXIS2_PLACEMENT_3D('',#3679,#3680,#3681);
#3679 = CARTESIAN_POINT('',(104.5,-155.1,-4.6E-02));
#3680 = DIRECTION('',(-0.,-0.,-1.));
#3681 = DIRECTION('',(-0.,-1.,0.));
#3682 = ADVANCED_FACE('',(#3683),#3694,.F.);
#3683 = FACE_BOUND('',#3684,.T.);
#3684 = EDGE_LOOP('',(#3685,#3686,#3692,#3693));
#3685 = ORIENTED_EDGE('',*,*,#1886,.T.);
#3686 = ORIENTED_EDGE('',*,*,#3687,.T.);
#3687 = EDGE_CURVE('',#1887,#2715,#3688,.T.);
#3688 = LINE('',#3689,#3690);
#3689 = CARTESIAN_POINT('',(111.84,-174.85,-4.6E-02));
#3690 = VECTOR('',#3691,1.);
#3691 = DIRECTION('',(0.,0.,1.));
#3692 = ORIENTED_EDGE('',*,*,#2714,.F.);
#3693 = ORIENTED_EDGE('',*,*,#3687,.F.);
#3694 = CYLINDRICAL_SURFACE('',#3695,0.85);
#3695 = AXIS2_PLACEMENT_3D('',#3696,#3697,#3698);
#3696 = CARTESIAN_POINT('',(111.84,-174.,-4.6E-02));
#3697 = DIRECTION('',(-0.,-0.,-1.));
#3698 = DIRECTION('',(-0.,-1.,0.));
#3699 = ADVANCED_FACE('',(#3700),#3711,.F.);
#3700 = FACE_BOUND('',#3701,.T.);
#3701 = EDGE_LOOP('',(#3702,#3703,#3709,#3710));
#3702 = ORIENTED_EDGE('',*,*,#1897,.T.);
#3703 = ORIENTED_EDGE('',*,*,#3704,.T.);
#3704 = EDGE_CURVE('',#1898,#2726,#3705,.T.);
#3705 = LINE('',#3706,#3707);
#3706 = CARTESIAN_POINT('',(116.92,-176.,-4.6E-02));
#3707 = VECTOR('',#3708,1.);
#3708 = DIRECTION('',(0.,0.,1.));
#3709 = ORIENTED_EDGE('',*,*,#2725,.F.);
#3710 = ORIENTED_EDGE('',*,*,#3704,.F.);
#3711 = CYLINDRICAL_SURFACE('',#3712,2.);
#3712 = AXIS2_PLACEMENT_3D('',#3713,#3714,#3715);
#3713 = CARTESIAN_POINT('',(116.92,-174.,-4.6E-02));
#3714 = DIRECTION('',(-0.,-0.,-1.));
#3715 = DIRECTION('',(-0.,-1.,0.));
#3716 = ADVANCED_FACE('',(#3717),#3728,.F.);
#3717 = FACE_BOUND('',#3718,.T.);
#3718 = EDGE_LOOP('',(#3719,#3720,#3726,#3727));
#3719 = ORIENTED_EDGE('',*,*,#1908,.T.);
#3720 = ORIENTED_EDGE('',*,*,#3721,.T.);
#3721 = EDGE_CURVE('',#1909,#2737,#3722,.T.);
#3722 = LINE('',#3723,#3724);
#3723 = CARTESIAN_POINT('',(113.11,-172.21,-4.6E-02));
#3724 = VECTOR('',#3725,1.);
#3725 = DIRECTION('',(0.,0.,1.));
#3726 = ORIENTED_EDGE('',*,*,#2736,.F.);
#3727 = ORIENTED_EDGE('',*,*,#3721,.F.);
#3728 = CYLINDRICAL_SURFACE('',#3729,0.75);
#3729 = AXIS2_PLACEMENT_3D('',#3730,#3731,#3732);
#3730 = CARTESIAN_POINT('',(113.11,-171.46,-4.6E-02));
#3731 = DIRECTION('',(-0.,-0.,-1.));
#3732 = DIRECTION('',(-0.,-1.,0.));
#3733 = ADVANCED_FACE('',(#3734),#3745,.F.);
#3734 = FACE_BOUND('',#3735,.T.);
#3735 = EDGE_LOOP('',(#3736,#3737,#3743,#3744));
#3736 = ORIENTED_EDGE('',*,*,#1919,.T.);
#3737 = ORIENTED_EDGE('',*,*,#3738,.T.);
#3738 = EDGE_CURVE('',#1920,#2748,#3739,.T.);
#3739 = LINE('',#3740,#3741);
#3740 = CARTESIAN_POINT('',(122.,-174.85,-4.6E-02));
#3741 = VECTOR('',#3742,1.);
#3742 = DIRECTION('',(0.,0.,1.));
#3743 = ORIENTED_EDGE('',*,*,#2747,.F.);
#3744 = ORIENTED_EDGE('',*,*,#3738,.F.);
#3745 = CYLINDRICAL_SURFACE('',#3746,0.85);
#3746 = AXIS2_PLACEMENT_3D('',#3747,#3748,#3749);
#3747 = CARTESIAN_POINT('',(122.,-174.,-4.6E-02));
#3748 = DIRECTION('',(-0.,-0.,-1.));
#3749 = DIRECTION('',(-0.,-1.,0.));
#3750 = ADVANCED_FACE('',(#3751),#3762,.F.);
#3751 = FACE_BOUND('',#3752,.T.);
#3752 = EDGE_LOOP('',(#3753,#3754,#3760,#3761));
#3753 = ORIENTED_EDGE('',*,*,#1930,.T.);
#3754 = ORIENTED_EDGE('',*,*,#3755,.T.);
#3755 = EDGE_CURVE('',#1931,#2759,#3756,.T.);
#3756 = LINE('',#3757,#3758);
#3757 = CARTESIAN_POINT('',(155.,-186.6,-4.6E-02));
#3758 = VECTOR('',#3759,1.);
#3759 = DIRECTION('',(0.,0.,1.));
#3760 = ORIENTED_EDGE('',*,*,#2758,.F.);
#3761 = ORIENTED_EDGE('',*,*,#3755,.F.);
#3762 = CYLINDRICAL_SURFACE('',#3763,1.1);
#3763 = AXIS2_PLACEMENT_3D('',#3764,#3765,#3766);
#3764 = CARTESIAN_POINT('',(155.,-185.5,-4.6E-02));
#3765 = DIRECTION('',(-0.,-0.,-1.));
#3766 = DIRECTION('',(-0.,-1.,0.));
#3767 = ADVANCED_FACE('',(#3768),#3779,.F.);
#3768 = FACE_BOUND('',#3769,.T.);
#3769 = EDGE_LOOP('',(#3770,#3771,#3777,#3778));
#3770 = ORIENTED_EDGE('',*,*,#1941,.T.);
#3771 = ORIENTED_EDGE('',*,*,#3772,.T.);
#3772 = EDGE_CURVE('',#1942,#2770,#3773,.T.);
#3773 = LINE('',#3774,#3775);
#3774 = CARTESIAN_POINT('',(132.84,-174.85,-4.6E-02));
#3775 = VECTOR('',#3776,1.);
#3776 = DIRECTION('',(0.,0.,1.));
#3777 = ORIENTED_EDGE('',*,*,#2769,.F.);
#3778 = ORIENTED_EDGE('',*,*,#3772,.F.);
#3779 = CYLINDRICAL_SURFACE('',#3780,0.85);
#3780 = AXIS2_PLACEMENT_3D('',#3781,#3782,#3783);
#3781 = CARTESIAN_POINT('',(132.84,-174.,-4.6E-02));
#3782 = DIRECTION('',(-0.,-0.,-1.));
#3783 = DIRECTION('',(-0.,-1.,0.));
#3784 = ADVANCED_FACE('',(#3785),#3796,.F.);
#3785 = FACE_BOUND('',#3786,.T.);
#3786 = EDGE_LOOP('',(#3787,#3788,#3794,#3795));
#3787 = ORIENTED_EDGE('',*,*,#1952,.T.);
#3788 = ORIENTED_EDGE('',*,*,#3789,.T.);
#3789 = EDGE_CURVE('',#1953,#2781,#3790,.T.);
#3790 = LINE('',#3791,#3792);
#3791 = CARTESIAN_POINT('',(137.92,-176.,-4.6E-02));
#3792 = VECTOR('',#3793,1.);
#3793 = DIRECTION('',(0.,0.,1.));
#3794 = ORIENTED_EDGE('',*,*,#2780,.F.);
#3795 = ORIENTED_EDGE('',*,*,#3789,.F.);
#3796 = CYLINDRICAL_SURFACE('',#3797,2.);
#3797 = AXIS2_PLACEMENT_3D('',#3798,#3799,#3800);
#3798 = CARTESIAN_POINT('',(137.92,-174.,-4.6E-02));
#3799 = DIRECTION('',(-0.,-0.,-1.));
#3800 = DIRECTION('',(-0.,-1.,0.));
#3801 = ADVANCED_FACE('',(#3802),#3813,.F.);
#3802 = FACE_BOUND('',#3803,.T.);
#3803 = EDGE_LOOP('',(#3804,#3805,#3811,#3812));
#3804 = ORIENTED_EDGE('',*,*,#1963,.T.);
#3805 = ORIENTED_EDGE('',*,*,#3806,.T.);
#3806 = EDGE_CURVE('',#1964,#2792,#3807,.T.);
#3807 = LINE('',#3808,#3809);
#3808 = CARTESIAN_POINT('',(143.,-174.85,-4.6E-02));
#3809 = VECTOR('',#3810,1.);
#3810 = DIRECTION('',(0.,0.,1.));
#3811 = ORIENTED_EDGE('',*,*,#2791,.F.);
#3812 = ORIENTED_EDGE('',*,*,#3806,.F.);
#3813 = CYLINDRICAL_SURFACE('',#3814,0.85);
#3814 = AXIS2_PLACEMENT_3D('',#3815,#3816,#3817);
#3815 = CARTESIAN_POINT('',(143.,-174.,-4.6E-02));
#3816 = DIRECTION('',(-0.,-0.,-1.));
#3817 = DIRECTION('',(-0.,-1.,0.));
#3818 = ADVANCED_FACE('',(#3819),#3830,.F.);
#3819 = FACE_BOUND('',#3820,.T.);
#3820 = EDGE_LOOP('',(#3821,#3822,#3828,#3829));
#3821 = ORIENTED_EDGE('',*,*,#1974,.T.);
#3822 = ORIENTED_EDGE('',*,*,#3823,.T.);
#3823 = EDGE_CURVE('',#1975,#2803,#3824,.T.);
#3824 = LINE('',#3825,#3826);
#3825 = CARTESIAN_POINT('',(134.11,-172.21,-4.6E-02));
#3826 = VECTOR('',#3827,1.);
#3827 = DIRECTION('',(0.,0.,1.));
#3828 = ORIENTED_EDGE('',*,*,#2802,.F.);
#3829 = ORIENTED_EDGE('',*,*,#3823,.F.);
#3830 = CYLINDRICAL_SURFACE('',#3831,0.75);
#3831 = AXIS2_PLACEMENT_3D('',#3832,#3833,#3834);
#3832 = CARTESIAN_POINT('',(134.11,-171.46,-4.6E-02));
#3833 = DIRECTION('',(-0.,-0.,-1.));
#3834 = DIRECTION('',(-0.,-1.,0.));
#3835 = ADVANCED_FACE('',(#3836),#3847,.F.);
#3836 = FACE_BOUND('',#3837,.T.);
#3837 = EDGE_LOOP('',(#3838,#3839,#3845,#3846));
#3838 = ORIENTED_EDGE('',*,*,#1985,.T.);
#3839 = ORIENTED_EDGE('',*,*,#3840,.T.);
#3840 = EDGE_CURVE('',#1986,#2814,#3841,.T.);
#3841 = LINE('',#3842,#3843);
#3842 = CARTESIAN_POINT('',(119.46,-169.67,-4.6E-02));
#3843 = VECTOR('',#3844,1.);
#3844 = DIRECTION('',(0.,0.,1.));
#3845 = ORIENTED_EDGE('',*,*,#2813,.F.);
#3846 = ORIENTED_EDGE('',*,*,#3840,.F.);
#3847 = CYLINDRICAL_SURFACE('',#3848,0.75);
#3848 = AXIS2_PLACEMENT_3D('',#3849,#3850,#3851);
#3849 = CARTESIAN_POINT('',(119.46,-168.92,-4.6E-02));
#3850 = DIRECTION('',(-0.,-0.,-1.));
#3851 = DIRECTION('',(-0.,-1.,0.));
#3852 = ADVANCED_FACE('',(#3853),#3864,.F.);
#3853 = FACE_BOUND('',#3854,.T.);
#3854 = EDGE_LOOP('',(#3855,#3856,#3862,#3863));
#3855 = ORIENTED_EDGE('',*,*,#1996,.T.);
#3856 = ORIENTED_EDGE('',*,*,#3857,.T.);
#3857 = EDGE_CURVE('',#1997,#2825,#3858,.T.);
#3858 = LINE('',#3859,#3860);
#3859 = CARTESIAN_POINT('',(109.,-157.,-4.6E-02));
#3860 = VECTOR('',#3861,1.);
#3861 = DIRECTION('',(0.,0.,1.));
#3862 = ORIENTED_EDGE('',*,*,#2824,.F.);
#3863 = ORIENTED_EDGE('',*,*,#3857,.F.);
#3864 = CYLINDRICAL_SURFACE('',#3865,0.5);
#3865 = AXIS2_PLACEMENT_3D('',#3866,#3867,#3868);
#3866 = CARTESIAN_POINT('',(109.,-156.5,-4.6E-02));
#3867 = DIRECTION('',(-0.,-0.,-1.));
#3868 = DIRECTION('',(-0.,-1.,0.));
#3869 = ADVANCED_FACE('',(#3870),#3881,.F.);
#3870 = FACE_BOUND('',#3871,.T.);
#3871 = EDGE_LOOP('',(#3872,#3873,#3879,#3880));
#3872 = ORIENTED_EDGE('',*,*,#2007,.T.);
#3873 = ORIENTED_EDGE('',*,*,#3874,.T.);
#3874 = EDGE_CURVE('',#2008,#2836,#3875,.T.);
#3875 = LINE('',#3876,#3877);
#3876 = CARTESIAN_POINT('',(109.,-154.46,-4.6E-02));
#3877 = VECTOR('',#3878,1.);
#3878 = DIRECTION('',(0.,0.,1.));
#3879 = ORIENTED_EDGE('',*,*,#2835,.F.);
#3880 = ORIENTED_EDGE('',*,*,#3874,.F.);
#3881 = CYLINDRICAL_SURFACE('',#3882,0.5);
#3882 = AXIS2_PLACEMENT_3D('',#3883,#3884,#3885);
#3883 = CARTESIAN_POINT('',(109.,-153.96,-4.6E-02));
#3884 = DIRECTION('',(-0.,-0.,-1.));
#3885 = DIRECTION('',(-0.,-1.,0.));
#3886 = ADVANCED_FACE('',(#3887),#3898,.F.);
#3887 = FACE_BOUND('',#3888,.T.);
#3888 = EDGE_LOOP('',(#3889,#3890,#3896,#3897));
#3889 = ORIENTED_EDGE('',*,*,#2018,.T.);
#3890 = ORIENTED_EDGE('',*,*,#3891,.T.);
#3891 = EDGE_CURVE('',#2019,#2847,#3892,.T.);
#3892 = LINE('',#3893,#3894);
#3893 = CARTESIAN_POINT('',(140.46,-169.67,-4.6E-02));
#3894 = VECTOR('',#3895,1.);
#3895 = DIRECTION('',(0.,0.,1.));
#3896 = ORIENTED_EDGE('',*,*,#2846,.F.);
#3897 = ORIENTED_EDGE('',*,*,#3891,.F.);
#3898 = CYLINDRICAL_SURFACE('',#3899,0.75);
#3899 = AXIS2_PLACEMENT_3D('',#3900,#3901,#3902);
#3900 = CARTESIAN_POINT('',(140.46,-168.92,-4.6E-02));
#3901 = DIRECTION('',(-0.,-0.,-1.));
#3902 = DIRECTION('',(-0.,-1.,0.));
#3903 = ADVANCED_FACE('',(#3904),#3915,.F.);
#3904 = FACE_BOUND('',#3905,.T.);
#3905 = EDGE_LOOP('',(#3906,#3907,#3913,#3914));
#3906 = ORIENTED_EDGE('',*,*,#2029,.T.);
#3907 = ORIENTED_EDGE('',*,*,#3908,.T.);
#3908 = EDGE_CURVE('',#2030,#2858,#3909,.T.);
#3909 = LINE('',#3910,#3911);
#3910 = CARTESIAN_POINT('',(70.34,-153.35,-4.6E-02));
#3911 = VECTOR('',#3912,1.);
#3912 = DIRECTION('',(0.,0.,1.));
#3913 = ORIENTED_EDGE('',*,*,#2857,.F.);
#3914 = ORIENTED_EDGE('',*,*,#3908,.F.);
#3915 = CYLINDRICAL_SURFACE('',#3916,0.85);
#3916 = AXIS2_PLACEMENT_3D('',#3917,#3918,#3919);
#3917 = CARTESIAN_POINT('',(70.34,-152.5,-4.6E-02));
#3918 = DIRECTION('',(-0.,-0.,-1.));
#3919 = DIRECTION('',(-0.,-1.,0.));
#3920 = ADVANCED_FACE('',(#3921),#3932,.F.);
#3921 = FACE_BOUND('',#3922,.T.);
#3922 = EDGE_LOOP('',(#3923,#3924,#3930,#3931));
#3923 = ORIENTED_EDGE('',*,*,#2040,.T.);
#3924 = ORIENTED_EDGE('',*,*,#3925,.T.);
#3925 = EDGE_CURVE('',#2041,#2869,#3926,.T.);
#3926 = LINE('',#3927,#3928);
#3927 = CARTESIAN_POINT('',(75.42,-154.5,-4.6E-02));
#3928 = VECTOR('',#3929,1.);
#3929 = DIRECTION('',(0.,0.,1.));
#3930 = ORIENTED_EDGE('',*,*,#2868,.F.);
#3931 = ORIENTED_EDGE('',*,*,#3925,.F.);
#3932 = CYLINDRICAL_SURFACE('',#3933,2.);
#3933 = AXIS2_PLACEMENT_3D('',#3934,#3935,#3936);
#3934 = CARTESIAN_POINT('',(75.42,-152.5,-4.6E-02));
#3935 = DIRECTION('',(-0.,-0.,-1.));
#3936 = DIRECTION('',(-0.,-1.,0.));
#3937 = ADVANCED_FACE('',(#3938),#3949,.F.);
#3938 = FACE_BOUND('',#3939,.T.);
#3939 = EDGE_LOOP('',(#3940,#3941,#3947,#3948));
#3940 = ORIENTED_EDGE('',*,*,#2051,.T.);
#3941 = ORIENTED_EDGE('',*,*,#3942,.T.);
#3942 = EDGE_CURVE('',#2052,#2880,#3943,.T.);
#3943 = LINE('',#3944,#3945);
#3944 = CARTESIAN_POINT('',(71.61,-150.71,-4.6E-02));
#3945 = VECTOR('',#3946,1.);
#3946 = DIRECTION('',(0.,0.,1.));
#3947 = ORIENTED_EDGE('',*,*,#2879,.F.);
#3948 = ORIENTED_EDGE('',*,*,#3942,.F.);
#3949 = CYLINDRICAL_SURFACE('',#3950,0.75);
#3950 = AXIS2_PLACEMENT_3D('',#3951,#3952,#3953);
#3951 = CARTESIAN_POINT('',(71.61,-149.96,-4.6E-02));
#3952 = DIRECTION('',(-0.,-0.,-1.));
#3953 = DIRECTION('',(-0.,-1.,0.));
#3954 = ADVANCED_FACE('',(#3955),#3966,.F.);
#3955 = FACE_BOUND('',#3956,.T.);
#3956 = EDGE_LOOP('',(#3957,#3958,#3964,#3965));
#3957 = ORIENTED_EDGE('',*,*,#2062,.T.);
#3958 = ORIENTED_EDGE('',*,*,#3959,.T.);
#3959 = EDGE_CURVE('',#2063,#2891,#3960,.T.);
#3960 = LINE('',#3961,#3962);
#3961 = CARTESIAN_POINT('',(80.5,-153.35,-4.6E-02));
#3962 = VECTOR('',#3963,1.);
#3963 = DIRECTION('',(0.,0.,1.));
#3964 = ORIENTED_EDGE('',*,*,#2890,.F.);
#3965 = ORIENTED_EDGE('',*,*,#3959,.F.);
#3966 = CYLINDRICAL_SURFACE('',#3967,0.85);
#3967 = AXIS2_PLACEMENT_3D('',#3968,#3969,#3970);
#3968 = CARTESIAN_POINT('',(80.5,-152.5,-4.6E-02));
#3969 = DIRECTION('',(-0.,-0.,-1.));
#3970 = DIRECTION('',(-0.,-1.,0.));
#3971 = ADVANCED_FACE('',(#3972),#3983,.F.);
#3972 = FACE_BOUND('',#3973,.T.);
#3973 = EDGE_LOOP('',(#3974,#3975,#3981,#3982));
#3974 = ORIENTED_EDGE('',*,*,#2073,.T.);
#3975 = ORIENTED_EDGE('',*,*,#3976,.T.);
#3976 = EDGE_CURVE('',#2074,#2902,#3977,.T.);
#3977 = LINE('',#3978,#3979);
#3978 = CARTESIAN_POINT('',(77.96,-148.17,-4.6E-02));
#3979 = VECTOR('',#3980,1.);
#3980 = DIRECTION('',(0.,0.,1.));
#3981 = ORIENTED_EDGE('',*,*,#2901,.F.);
#3982 = ORIENTED_EDGE('',*,*,#3976,.F.);
#3983 = CYLINDRICAL_SURFACE('',#3984,0.75);
#3984 = AXIS2_PLACEMENT_3D('',#3985,#3986,#3987);
#3985 = CARTESIAN_POINT('',(77.96,-147.42,-4.6E-02));
#3986 = DIRECTION('',(-0.,-0.,-1.));
#3987 = DIRECTION('',(-0.,-1.,0.));
#3988 = ADVANCED_FACE('',(#3989),#4000,.F.);
#3989 = FACE_BOUND('',#3990,.T.);
#3990 = EDGE_LOOP('',(#3991,#3992,#3998,#3999));
#3991 = ORIENTED_EDGE('',*,*,#2084,.T.);
#3992 = ORIENTED_EDGE('',*,*,#3993,.T.);
#3993 = EDGE_CURVE('',#2085,#2913,#3994,.T.);
#3994 = LINE('',#3995,#3996);
#3995 = CARTESIAN_POINT('',(68.551,-136.587,-4.6E-02));
#3996 = VECTOR('',#3997,1.);
#3997 = DIRECTION('',(0.,0.,1.));
#3998 = ORIENTED_EDGE('',*,*,#2912,.F.);
#3999 = ORIENTED_EDGE('',*,*,#3993,.F.);
#4000 = CYLINDRICAL_SURFACE('',#4001,0.4445);
#4001 = AXIS2_PLACEMENT_3D('',#4002,#4003,#4004);
#4002 = CARTESIAN_POINT('',(68.551,-136.1425,-4.6E-02));
#4003 = DIRECTION('',(-0.,-0.,-1.));
#4004 = DIRECTION('',(-0.,-1.,0.));
#4005 = ADVANCED_FACE('',(#4006),#4017,.F.);
#4006 = FACE_BOUND('',#4007,.T.);
#4007 = EDGE_LOOP('',(#4008,#4009,#4015,#4016));
#4008 = ORIENTED_EDGE('',*,*,#2095,.T.);
#4009 = ORIENTED_EDGE('',*,*,#4010,.T.);
#4010 = EDGE_CURVE('',#2096,#2924,#4011,.T.);
#4011 = LINE('',#4012,#4013);
#4012 = CARTESIAN_POINT('',(90.,-153.1,-4.6E-02));
#4013 = VECTOR('',#4014,1.);
#4014 = DIRECTION('',(0.,0.,1.));
#4015 = ORIENTED_EDGE('',*,*,#2923,.F.);
#4016 = ORIENTED_EDGE('',*,*,#4010,.F.);
#4017 = CYLINDRICAL_SURFACE('',#4018,0.5);
#4018 = AXIS2_PLACEMENT_3D('',#4019,#4020,#4021);
#4019 = CARTESIAN_POINT('',(90.,-152.6,-4.6E-02));
#4020 = DIRECTION('',(-0.,-0.,-1.));
#4021 = DIRECTION('',(-0.,-1.,0.));
#4022 = ADVANCED_FACE('',(#4023),#4034,.F.);
#4023 = FACE_BOUND('',#4024,.T.);
#4024 = EDGE_LOOP('',(#4025,#4026,#4032,#4033));
#4025 = ORIENTED_EDGE('',*,*,#2106,.T.);
#4026 = ORIENTED_EDGE('',*,*,#4027,.T.);
#4027 = EDGE_CURVE('',#2107,#2935,#4028,.T.);
#4028 = LINE('',#4029,#4030);
#4029 = CARTESIAN_POINT('',(90.,-150.6,-4.6E-02));
#4030 = VECTOR('',#4031,1.);
#4031 = DIRECTION('',(0.,0.,1.));
#4032 = ORIENTED_EDGE('',*,*,#2934,.F.);
#4033 = ORIENTED_EDGE('',*,*,#4027,.F.);
#4034 = CYLINDRICAL_SURFACE('',#4035,0.5);
#4035 = AXIS2_PLACEMENT_3D('',#4036,#4037,#4038);
#4036 = CARTESIAN_POINT('',(90.,-150.1,-4.6E-02));
#4037 = DIRECTION('',(-0.,-0.,-1.));
#4038 = DIRECTION('',(-0.,-1.,0.));
#4039 = ADVANCED_FACE('',(#4040),#4051,.F.);
#4040 = FACE_BOUND('',#4041,.T.);
#4041 = EDGE_LOOP('',(#4042,#4043,#4049,#4050));
#4042 = ORIENTED_EDGE('',*,*,#2117,.T.);
#4043 = ORIENTED_EDGE('',*,*,#4044,.T.);
#4044 = EDGE_CURVE('',#2118,#2946,#4045,.T.);
#4045 = LINE('',#4046,#4047);
#4046 = CARTESIAN_POINT('',(104.5,-150.6,-4.6E-02));
#4047 = VECTOR('',#4048,1.);
#4048 = DIRECTION('',(0.,0.,1.));
#4049 = ORIENTED_EDGE('',*,*,#2945,.F.);
#4050 = ORIENTED_EDGE('',*,*,#4044,.F.);
#4051 = CYLINDRICAL_SURFACE('',#4052,0.5);
#4052 = AXIS2_PLACEMENT_3D('',#4053,#4054,#4055);
#4053 = CARTESIAN_POINT('',(104.5,-150.1,-4.6E-02));
#4054 = DIRECTION('',(-0.,-0.,-1.));
#4055 = DIRECTION('',(-0.,-1.,0.));
#4056 = ADVANCED_FACE('',(#4057),#4073,.F.);
#4057 = FACE_BOUND('',#4058,.T.);
#4058 = EDGE_LOOP('',(#4059,#4060,#4066,#4067));
#4059 = ORIENTED_EDGE('',*,*,#2128,.T.);
#4060 = ORIENTED_EDGE('',*,*,#4061,.T.);
#4061 = EDGE_CURVE('',#2131,#2959,#4062,.T.);
#4062 = LINE('',#4063,#4064);
#4063 = CARTESIAN_POINT('',(98.15,-147.75,-4.6E-02));
#4064 = VECTOR('',#4065,1.);
#4065 = DIRECTION('',(0.,0.,1.));
#4066 = ORIENTED_EDGE('',*,*,#2956,.F.);
#4067 = ORIENTED_EDGE('',*,*,#4068,.F.);
#4068 = EDGE_CURVE('',#2129,#2957,#4069,.T.);
#4069 = LINE('',#4070,#4071);
#4070 = CARTESIAN_POINT('',(98.15,-146.25,-4.6E-02));
#4071 = VECTOR('',#4072,1.);
#4072 = DIRECTION('',(0.,0.,1.));
#4073 = CYLINDRICAL_SURFACE('',#4074,0.75);
#4074 = AXIS2_PLACEMENT_3D('',#4075,#4076,#4077);
#4075 = CARTESIAN_POINT('',(98.15,-147.,-4.6E-02));
#4076 = DIRECTION('',(-0.,-0.,-1.));
#4077 = DIRECTION('',(-0.,-1.,0.));
#4078 = ADVANCED_FACE('',(#4079),#4090,.T.);
#4079 = FACE_BOUND('',#4080,.T.);
#4080 = EDGE_LOOP('',(#4081,#4082,#4083,#4084));
#4081 = ORIENTED_EDGE('',*,*,#2156,.T.);
#4082 = ORIENTED_EDGE('',*,*,#4068,.T.);
#4083 = ORIENTED_EDGE('',*,*,#2984,.F.);
#4084 = ORIENTED_EDGE('',*,*,#4085,.F.);
#4085 = EDGE_CURVE('',#2148,#2976,#4086,.T.);
#4086 = LINE('',#4087,#4088);
#4087 = CARTESIAN_POINT('',(96.85,-146.25,-4.6E-02));
#4088 = VECTOR('',#4089,1.);
#4089 = DIRECTION('',(0.,0.,1.));
#4090 = PLANE('',#4091);
#4091 = AXIS2_PLACEMENT_3D('',#4092,#4093,#4094);
#4092 = CARTESIAN_POINT('',(98.15,-146.25,-4.6E-02));
#4093 = DIRECTION('',(0.,-1.,0.));
#4094 = DIRECTION('',(-1.,0.,0.));
#4095 = ADVANCED_FACE('',(#4096),#4107,.F.);
#4096 = FACE_BOUND('',#4097,.T.);
#4097 = EDGE_LOOP('',(#4098,#4099,#4100,#4101));
#4098 = ORIENTED_EDGE('',*,*,#2147,.T.);
#4099 = ORIENTED_EDGE('',*,*,#4085,.T.);
#4100 = ORIENTED_EDGE('',*,*,#2975,.F.);
#4101 = ORIENTED_EDGE('',*,*,#4102,.F.);
#4102 = EDGE_CURVE('',#2140,#2968,#4103,.T.);
#4103 = LINE('',#4104,#4105);
#4104 = CARTESIAN_POINT('',(96.85,-147.75,-4.6E-02));
#4105 = VECTOR('',#4106,1.);
#4106 = DIRECTION('',(0.,0.,1.));
#4107 = CYLINDRICAL_SURFACE('',#4108,0.75);
#4108 = AXIS2_PLACEMENT_3D('',#4109,#4110,#4111);
#4109 = CARTESIAN_POINT('',(96.85,-147.,-4.6E-02));
#4110 = DIRECTION('',(-0.,0.,-1.));
#4111 = DIRECTION('',(0.,1.,0.));
#4112 = ADVANCED_FACE('',(#4113),#4119,.T.);
#4113 = FACE_BOUND('',#4114,.T.);
#4114 = EDGE_LOOP('',(#4115,#4116,#4117,#4118));
#4115 = ORIENTED_EDGE('',*,*,#2139,.T.);
#4116 = ORIENTED_EDGE('',*,*,#4102,.T.);
#4117 = ORIENTED_EDGE('',*,*,#2967,.F.);
#4118 = ORIENTED_EDGE('',*,*,#4061,.F.);
#4119 = PLANE('',#4120);
#4120 = AXIS2_PLACEMENT_3D('',#4121,#4122,#4123);
#4121 = CARTESIAN_POINT('',(96.85,-147.75,-4.6E-02));
#4122 = DIRECTION('',(0.,1.,0.));
#4123 = DIRECTION('',(1.,0.,0.));
#4124 = ADVANCED_FACE('',(#4125),#4136,.F.);
#4125 = FACE_BOUND('',#4126,.T.);
#4126 = EDGE_LOOP('',(#4127,#4128,#4134,#4135));
#4127 = ORIENTED_EDGE('',*,*,#2164,.T.);
#4128 = ORIENTED_EDGE('',*,*,#4129,.T.);
#4129 = EDGE_CURVE('',#2165,#2993,#4130,.T.);
#4130 = LINE('',#4131,#4132);
#4131 = CARTESIAN_POINT('',(83.791,-136.587,-4.6E-02));
#4132 = VECTOR('',#4133,1.);
#4133 = DIRECTION('',(0.,0.,1.));
#4134 = ORIENTED_EDGE('',*,*,#2992,.F.);
#4135 = ORIENTED_EDGE('',*,*,#4129,.F.);
#4136 = CYLINDRICAL_SURFACE('',#4137,0.4445);
#4137 = AXIS2_PLACEMENT_3D('',#4138,#4139,#4140);
#4138 = CARTESIAN_POINT('',(83.791,-136.1425,-4.6E-02));
#4139 = DIRECTION('',(-0.,-0.,-1.));
#4140 = DIRECTION('',(-0.,-1.,0.));
#4141 = ADVANCED_FACE('',(#4142),#4153,.F.);
#4142 = FACE_BOUND('',#4143,.T.);
#4143 = EDGE_LOOP('',(#4144,#4145,#4151,#4152));
#4144 = ORIENTED_EDGE('',*,*,#2175,.T.);
#4145 = ORIENTED_EDGE('',*,*,#4146,.T.);
#4146 = EDGE_CURVE('',#2176,#3004,#4147,.T.);
#4147 = LINE('',#4148,#4149);
#4148 = CARTESIAN_POINT('',(68.551,-134.047,-4.6E-02));
#4149 = VECTOR('',#4150,1.);
#4150 = DIRECTION('',(0.,0.,1.));
#4151 = ORIENTED_EDGE('',*,*,#3003,.F.);
#4152 = ORIENTED_EDGE('',*,*,#4146,.F.);
#4153 = CYLINDRICAL_SURFACE('',#4154,0.4445);
#4154 = AXIS2_PLACEMENT_3D('',#4155,#4156,#4157);
#4155 = CARTESIAN_POINT('',(68.551,-133.6025,-4.6E-02));
#4156 = DIRECTION('',(-0.,-0.,-1.));
#4157 = DIRECTION('',(-0.,-1.,0.));
#4158 = ADVANCED_FACE('',(#4159),#4170,.F.);
#4159 = FACE_BOUND('',#4160,.T.);
#4160 = EDGE_LOOP('',(#4161,#4162,#4168,#4169));
#4161 = ORIENTED_EDGE('',*,*,#2186,.T.);
#4162 = ORIENTED_EDGE('',*,*,#4163,.T.);
#4163 = EDGE_CURVE('',#2187,#3015,#4164,.T.);
#4164 = LINE('',#4165,#4166);
#4165 = CARTESIAN_POINT('',(68.551,-131.507,-4.6E-02));
#4166 = VECTOR('',#4167,1.);
#4167 = DIRECTION('',(0.,0.,1.));
#4168 = ORIENTED_EDGE('',*,*,#3014,.F.);
#4169 = ORIENTED_EDGE('',*,*,#4163,.F.);
#4170 = CYLINDRICAL_SURFACE('',#4171,0.4445);
#4171 = AXIS2_PLACEMENT_3D('',#4172,#4173,#4174);
#4172 = CARTESIAN_POINT('',(68.551,-131.0625,-4.6E-02));
#4173 = DIRECTION('',(-0.,-0.,-1.));
#4174 = DIRECTION('',(-0.,-1.,0.));
#4175 = ADVANCED_FACE('',(#4176),#4187,.F.);
#4176 = FACE_BOUND('',#4177,.T.);
#4177 = EDGE_LOOP('',(#4178,#4179,#4185,#4186));
#4178 = ORIENTED_EDGE('',*,*,#2197,.T.);
#4179 = ORIENTED_EDGE('',*,*,#4180,.T.);
#4180 = EDGE_CURVE('',#2198,#3026,#4181,.T.);
#4181 = LINE('',#4182,#4183);
#4182 = CARTESIAN_POINT('',(68.551,-128.967,-4.6E-02));
#4183 = VECTOR('',#4184,1.);
#4184 = DIRECTION('',(0.,0.,1.));
#4185 = ORIENTED_EDGE('',*,*,#3025,.F.);
#4186 = ORIENTED_EDGE('',*,*,#4180,.F.);
#4187 = CYLINDRICAL_SURFACE('',#4188,0.4445);
#4188 = AXIS2_PLACEMENT_3D('',#4189,#4190,#4191);
#4189 = CARTESIAN_POINT('',(68.551,-128.5225,-4.6E-02));
#4190 = DIRECTION('',(-0.,-0.,-1.));
#4191 = DIRECTION('',(-0.,-1.,0.));
#4192 = ADVANCED_FACE('',(#4193),#4204,.F.);
#4193 = FACE_BOUND('',#4194,.T.);
#4194 = EDGE_LOOP('',(#4195,#4196,#4202,#4203));
#4195 = ORIENTED_EDGE('',*,*,#2208,.T.);
#4196 = ORIENTED_EDGE('',*,*,#4197,.T.);
#4197 = EDGE_CURVE('',#2209,#3037,#4198,.T.);
#4198 = LINE('',#4199,#4200);
#4199 = CARTESIAN_POINT('',(68.551,-126.427,-4.6E-02));
#4200 = VECTOR('',#4201,1.);
#4201 = DIRECTION('',(0.,0.,1.));
#4202 = ORIENTED_EDGE('',*,*,#3036,.F.);
#4203 = ORIENTED_EDGE('',*,*,#4197,.F.);
#4204 = CYLINDRICAL_SURFACE('',#4205,0.4445);
#4205 = AXIS2_PLACEMENT_3D('',#4206,#4207,#4208);
#4206 = CARTESIAN_POINT('',(68.551,-125.9825,-4.6E-02));
#4207 = DIRECTION('',(-0.,-0.,-1.));
#4208 = DIRECTION('',(-0.,-1.,0.));
#4209 = ADVANCED_FACE('',(#4210),#4221,.F.);
#4210 = FACE_BOUND('',#4211,.T.);
#4211 = EDGE_LOOP('',(#4212,#4213,#4219,#4220));
#4212 = ORIENTED_EDGE('',*,*,#2219,.T.);
#4213 = ORIENTED_EDGE('',*,*,#4214,.T.);
#4214 = EDGE_CURVE('',#2220,#3048,#4215,.T.);
#4215 = LINE('',#4216,#4217);
#4216 = CARTESIAN_POINT('',(68.551,-123.887,-4.6E-02));
#4217 = VECTOR('',#4218,1.);
#4218 = DIRECTION('',(0.,0.,1.));
#4219 = ORIENTED_EDGE('',*,*,#3047,.F.);
#4220 = ORIENTED_EDGE('',*,*,#4214,.F.);
#4221 = CYLINDRICAL_SURFACE('',#4222,0.4445);
#4222 = AXIS2_PLACEMENT_3D('',#4223,#4224,#4225);
#4223 = CARTESIAN_POINT('',(68.551,-123.4425,-4.6E-02));
#4224 = DIRECTION('',(-0.,-0.,-1.));
#4225 = DIRECTION('',(-0.,-1.,0.));
#4226 = ADVANCED_FACE('',(#4227),#4238,.F.);
#4227 = FACE_BOUND('',#4228,.T.);
#4228 = EDGE_LOOP('',(#4229,#4230,#4236,#4237));
#4229 = ORIENTED_EDGE('',*,*,#2230,.T.);
#4230 = ORIENTED_EDGE('',*,*,#4231,.T.);
#4231 = EDGE_CURVE('',#2231,#3059,#4232,.T.);
#4232 = LINE('',#4233,#4234);
#4233 = CARTESIAN_POINT('',(60.,-121.1,-4.6E-02));
#4234 = VECTOR('',#4235,1.);
#4235 = DIRECTION('',(0.,0.,1.));
#4236 = ORIENTED_EDGE('',*,*,#3058,.F.);
#4237 = ORIENTED_EDGE('',*,*,#4231,.F.);
#4238 = CYLINDRICAL_SURFACE('',#4239,1.1);
#4239 = AXIS2_PLACEMENT_3D('',#4240,#4241,#4242);
#4240 = CARTESIAN_POINT('',(60.,-120.,-4.6E-02));
#4241 = DIRECTION('',(-0.,-0.,-1.));
#4242 = DIRECTION('',(-0.,-1.,0.));
#4243 = ADVANCED_FACE('',(#4244),#4255,.F.);
#4244 = FACE_BOUND('',#4245,.T.);
#4245 = EDGE_LOOP('',(#4246,#4247,#4253,#4254));
#4246 = ORIENTED_EDGE('',*,*,#2241,.T.);
#4247 = ORIENTED_EDGE('',*,*,#4248,.T.);
#4248 = EDGE_CURVE('',#2242,#3070,#4249,.T.);
#4249 = LINE('',#4250,#4251);
#4250 = CARTESIAN_POINT('',(68.551,-121.347,-4.6E-02));
#4251 = VECTOR('',#4252,1.);
#4252 = DIRECTION('',(0.,0.,1.));
#4253 = ORIENTED_EDGE('',*,*,#3069,.F.);
#4254 = ORIENTED_EDGE('',*,*,#4248,.F.);
#4255 = CYLINDRICAL_SURFACE('',#4256,0.4445);
#4256 = AXIS2_PLACEMENT_3D('',#4257,#4258,#4259);
#4257 = CARTESIAN_POINT('',(68.551,-120.9025,-4.6E-02));
#4258 = DIRECTION('',(-0.,-0.,-1.));
#4259 = DIRECTION('',(-0.,-1.,0.));
#4260 = ADVANCED_FACE('',(#4261),#4272,.F.);
#4261 = FACE_BOUND('',#4262,.T.);
#4262 = EDGE_LOOP('',(#4263,#4264,#4270,#4271));
#4263 = ORIENTED_EDGE('',*,*,#2252,.T.);
#4264 = ORIENTED_EDGE('',*,*,#4265,.T.);
#4265 = EDGE_CURVE('',#2253,#3081,#4266,.T.);
#4266 = LINE('',#4267,#4268);
#4267 = CARTESIAN_POINT('',(83.791,-134.047,-4.6E-02));
#4268 = VECTOR('',#4269,1.);
#4269 = DIRECTION('',(0.,0.,1.));
#4270 = ORIENTED_EDGE('',*,*,#3080,.F.);
#4271 = ORIENTED_EDGE('',*,*,#4265,.F.);
#4272 = CYLINDRICAL_SURFACE('',#4273,0.4445);
#4273 = AXIS2_PLACEMENT_3D('',#4274,#4275,#4276);
#4274 = CARTESIAN_POINT('',(83.791,-133.6025,-4.6E-02));
#4275 = DIRECTION('',(-0.,-0.,-1.));
#4276 = DIRECTION('',(-0.,-1.,0.));
#4277 = ADVANCED_FACE('',(#4278),#4289,.F.);
#4278 = FACE_BOUND('',#4279,.T.);
#4279 = EDGE_LOOP('',(#4280,#4281,#4287,#4288));
#4280 = ORIENTED_EDGE('',*,*,#2263,.T.);
#4281 = ORIENTED_EDGE('',*,*,#4282,.T.);
#4282 = EDGE_CURVE('',#2264,#3092,#4283,.T.);
#4283 = LINE('',#4284,#4285);
#4284 = CARTESIAN_POINT('',(83.791,-131.507,-4.6E-02));
#4285 = VECTOR('',#4286,1.);
#4286 = DIRECTION('',(0.,0.,1.));
#4287 = ORIENTED_EDGE('',*,*,#3091,.F.);
#4288 = ORIENTED_EDGE('',*,*,#4282,.F.);
#4289 = CYLINDRICAL_SURFACE('',#4290,0.4445);
#4290 = AXIS2_PLACEMENT_3D('',#4291,#4292,#4293);
#4291 = CARTESIAN_POINT('',(83.791,-131.0625,-4.6E-02));
#4292 = DIRECTION('',(-0.,-0.,-1.));
#4293 = DIRECTION('',(-0.,-1.,0.));
#4294 = ADVANCED_FACE('',(#4295),#4306,.F.);
#4295 = FACE_BOUND('',#4296,.T.);
#4296 = EDGE_LOOP('',(#4297,#4298,#4304,#4305));
#4297 = ORIENTED_EDGE('',*,*,#2274,.T.);
#4298 = ORIENTED_EDGE('',*,*,#4299,.T.);
#4299 = EDGE_CURVE('',#2275,#3103,#4300,.T.);
#4300 = LINE('',#4301,#4302);
#4301 = CARTESIAN_POINT('',(83.791,-128.967,-4.6E-02));
#4302 = VECTOR('',#4303,1.);
#4303 = DIRECTION('',(0.,0.,1.));
#4304 = ORIENTED_EDGE('',*,*,#3102,.F.);
#4305 = ORIENTED_EDGE('',*,*,#4299,.F.);
#4306 = CYLINDRICAL_SURFACE('',#4307,0.4445);
#4307 = AXIS2_PLACEMENT_3D('',#4308,#4309,#4310);
#4308 = CARTESIAN_POINT('',(83.791,-128.5225,-4.6E-02));
#4309 = DIRECTION('',(-0.,-0.,-1.));
#4310 = DIRECTION('',(-0.,-1.,0.));
#4311 = ADVANCED_FACE('',(#4312),#4323,.F.);
#4312 = FACE_BOUND('',#4313,.T.);
#4313 = EDGE_LOOP('',(#4314,#4315,#4321,#4322));
#4314 = ORIENTED_EDGE('',*,*,#2285,.T.);
#4315 = ORIENTED_EDGE('',*,*,#4316,.T.);
#4316 = EDGE_CURVE('',#2286,#3114,#4317,.T.);
#4317 = LINE('',#4318,#4319);
#4318 = CARTESIAN_POINT('',(107.,-130.9,-4.6E-02));
#4319 = VECTOR('',#4320,1.);
#4320 = DIRECTION('',(0.,0.,1.));
#4321 = ORIENTED_EDGE('',*,*,#3113,.F.);
#4322 = ORIENTED_EDGE('',*,*,#4316,.F.);
#4323 = CYLINDRICAL_SURFACE('',#4324,0.4);
#4324 = AXIS2_PLACEMENT_3D('',#4325,#4326,#4327);
#4325 = CARTESIAN_POINT('',(107.,-130.5,-4.6E-02));
#4326 = DIRECTION('',(-0.,-0.,-1.));
#4327 = DIRECTION('',(-0.,-1.,0.));
#4328 = ADVANCED_FACE('',(#4329),#4340,.F.);
#4329 = FACE_BOUND('',#4330,.T.);
#4330 = EDGE_LOOP('',(#4331,#4332,#4338,#4339));
#4331 = ORIENTED_EDGE('',*,*,#2296,.T.);
#4332 = ORIENTED_EDGE('',*,*,#4333,.T.);
#4333 = EDGE_CURVE('',#2297,#3125,#4334,.T.);
#4334 = LINE('',#4335,#4336);
#4335 = CARTESIAN_POINT('',(83.791,-126.427,-4.6E-02));
#4336 = VECTOR('',#4337,1.);
#4337 = DIRECTION('',(0.,0.,1.));
#4338 = ORIENTED_EDGE('',*,*,#3124,.F.);
#4339 = ORIENTED_EDGE('',*,*,#4333,.F.);
#4340 = CYLINDRICAL_SURFACE('',#4341,0.4445);
#4341 = AXIS2_PLACEMENT_3D('',#4342,#4343,#4344);
#4342 = CARTESIAN_POINT('',(83.791,-125.9825,-4.6E-02));
#4343 = DIRECTION('',(-0.,-0.,-1.));
#4344 = DIRECTION('',(-0.,-1.,0.));
#4345 = ADVANCED_FACE('',(#4346),#4357,.F.);
#4346 = FACE_BOUND('',#4347,.T.);
#4347 = EDGE_LOOP('',(#4348,#4349,#4355,#4356));
#4348 = ORIENTED_EDGE('',*,*,#2307,.T.);
#4349 = ORIENTED_EDGE('',*,*,#4350,.T.);
#4350 = EDGE_CURVE('',#2308,#3136,#4351,.T.);
#4351 = LINE('',#4352,#4353);
#4352 = CARTESIAN_POINT('',(83.791,-123.887,-4.6E-02));
#4353 = VECTOR('',#4354,1.);
#4354 = DIRECTION('',(0.,0.,1.));
#4355 = ORIENTED_EDGE('',*,*,#3135,.F.);
#4356 = ORIENTED_EDGE('',*,*,#4350,.F.);
#4357 = CYLINDRICAL_SURFACE('',#4358,0.4445);
#4358 = AXIS2_PLACEMENT_3D('',#4359,#4360,#4361);
#4359 = CARTESIAN_POINT('',(83.791,-123.4425,-4.6E-02));
#4360 = DIRECTION('',(-0.,-0.,-1.));
#4361 = DIRECTION('',(-0.,-1.,0.));
#4362 = ADVANCED_FACE('',(#4363),#4374,.F.);
#4363 = FACE_BOUND('',#4364,.T.);
#4364 = EDGE_LOOP('',(#4365,#4366,#4372,#4373));
#4365 = ORIENTED_EDGE('',*,*,#2318,.T.);
#4366 = ORIENTED_EDGE('',*,*,#4367,.T.);
#4367 = EDGE_CURVE('',#2319,#3147,#4368,.T.);
#4368 = LINE('',#4369,#4370);
#4369 = CARTESIAN_POINT('',(94.2,-126.,-4.6E-02));
#4370 = VECTOR('',#4371,1.);
#4371 = DIRECTION('',(0.,0.,1.));
#4372 = ORIENTED_EDGE('',*,*,#3146,.F.);
#4373 = ORIENTED_EDGE('',*,*,#4367,.F.);
#4374 = CYLINDRICAL_SURFACE('',#4375,0.5);
#4375 = AXIS2_PLACEMENT_3D('',#4376,#4377,#4378);
#4376 = CARTESIAN_POINT('',(94.2,-125.5,-4.6E-02));
#4377 = DIRECTION('',(-0.,-0.,-1.));
#4378 = DIRECTION('',(-0.,-1.,0.));
#4379 = ADVANCED_FACE('',(#4380),#4391,.F.);
#4380 = FACE_BOUND('',#4381,.T.);
#4381 = EDGE_LOOP('',(#4382,#4383,#4389,#4390));
#4382 = ORIENTED_EDGE('',*,*,#2329,.T.);
#4383 = ORIENTED_EDGE('',*,*,#4384,.T.);
#4384 = EDGE_CURVE('',#2330,#3158,#4385,.T.);
#4385 = LINE('',#4386,#4387);
#4386 = CARTESIAN_POINT('',(83.791,-121.347,-4.6E-02));
#4387 = VECTOR('',#4388,1.);
#4388 = DIRECTION('',(0.,0.,1.));
#4389 = ORIENTED_EDGE('',*,*,#3157,.F.);
#4390 = ORIENTED_EDGE('',*,*,#4384,.F.);
#4391 = CYLINDRICAL_SURFACE('',#4392,0.4445);
#4392 = AXIS2_PLACEMENT_3D('',#4393,#4394,#4395);
#4393 = CARTESIAN_POINT('',(83.791,-120.9025,-4.6E-02));
#4394 = DIRECTION('',(-0.,-0.,-1.));
#4395 = DIRECTION('',(-0.,-1.,0.));
#4396 = ADVANCED_FACE('',(#4397),#4408,.F.);
#4397 = FACE_BOUND('',#4398,.T.);
#4398 = EDGE_LOOP('',(#4399,#4400,#4406,#4407));
#4399 = ORIENTED_EDGE('',*,*,#2340,.T.);
#4400 = ORIENTED_EDGE('',*,*,#4401,.T.);
#4401 = EDGE_CURVE('',#2341,#3169,#4402,.T.);
#4402 = LINE('',#4403,#4404);
#4403 = CARTESIAN_POINT('',(101.8,-126.,-4.6E-02));
#4404 = VECTOR('',#4405,1.);
#4405 = DIRECTION('',(0.,0.,1.));
#4406 = ORIENTED_EDGE('',*,*,#3168,.F.);
#4407 = ORIENTED_EDGE('',*,*,#4401,.F.);
#4408 = CYLINDRICAL_SURFACE('',#4409,0.5);
#4409 = AXIS2_PLACEMENT_3D('',#4410,#4411,#4412);
#4410 = CARTESIAN_POINT('',(101.8,-125.5,-4.6E-02));
#4411 = DIRECTION('',(-0.,-0.,-1.));
#4412 = DIRECTION('',(-0.,-1.,0.));
#4413 = ADVANCED_FACE('',(#4414),#4425,.F.);
#4414 = FACE_BOUND('',#4415,.T.);
#4415 = EDGE_LOOP('',(#4416,#4417,#4423,#4424));
#4416 = ORIENTED_EDGE('',*,*,#2351,.T.);
#4417 = ORIENTED_EDGE('',*,*,#4418,.T.);
#4418 = EDGE_CURVE('',#2352,#3180,#4419,.T.);
#4419 = LINE('',#4420,#4421);
#4420 = CARTESIAN_POINT('',(109.,-151.92,-4.6E-02));
#4421 = VECTOR('',#4422,1.);
#4422 = DIRECTION('',(0.,0.,1.));
#4423 = ORIENTED_EDGE('',*,*,#3179,.F.);
#4424 = ORIENTED_EDGE('',*,*,#4418,.F.);
#4425 = CYLINDRICAL_SURFACE('',#4426,0.5);
#4426 = AXIS2_PLACEMENT_3D('',#4427,#4428,#4429);
#4427 = CARTESIAN_POINT('',(109.,-151.42,-4.6E-02));
#4428 = DIRECTION('',(-0.,-0.,-1.));
#4429 = DIRECTION('',(-0.,-1.,0.));
#4430 = ADVANCED_FACE('',(#4431),#4442,.F.);
#4431 = FACE_BOUND('',#4432,.T.);
#4432 = EDGE_LOOP('',(#4433,#4434,#4440,#4441));
#4433 = ORIENTED_EDGE('',*,*,#2362,.T.);
#4434 = ORIENTED_EDGE('',*,*,#4435,.T.);
#4435 = EDGE_CURVE('',#2363,#3191,#4436,.T.);
#4436 = LINE('',#4437,#4438);
#4437 = CARTESIAN_POINT('',(109.,-149.38,-4.6E-02));
#4438 = VECTOR('',#4439,1.);
#4439 = DIRECTION('',(0.,0.,1.));
#4440 = ORIENTED_EDGE('',*,*,#3190,.F.);
#4441 = ORIENTED_EDGE('',*,*,#4435,.F.);
#4442 = CYLINDRICAL_SURFACE('',#4443,0.5);
#4443 = AXIS2_PLACEMENT_3D('',#4444,#4445,#4446);
#4444 = CARTESIAN_POINT('',(109.,-148.88,-4.6E-02));
#4445 = DIRECTION('',(-0.,-0.,-1.));
#4446 = DIRECTION('',(-0.,-1.,0.));
#4447 = ADVANCED_FACE('',(#4448),#4459,.F.);
#4448 = FACE_BOUND('',#4449,.T.);
#4449 = EDGE_LOOP('',(#4450,#4451,#4457,#4458));
#4450 = ORIENTED_EDGE('',*,*,#2373,.T.);
#4451 = ORIENTED_EDGE('',*,*,#4452,.T.);
#4452 = EDGE_CURVE('',#2374,#3202,#4453,.T.);
#4453 = LINE('',#4454,#4455);
#4454 = CARTESIAN_POINT('',(119.576,-141.411,-4.6E-02));
#4455 = VECTOR('',#4456,1.);
#4456 = DIRECTION('',(0.,0.,1.));
#4457 = ORIENTED_EDGE('',*,*,#3201,.F.);
#4458 = ORIENTED_EDGE('',*,*,#4452,.F.);
#4459 = CYLINDRICAL_SURFACE('',#4460,0.381);
#4460 = AXIS2_PLACEMENT_3D('',#4461,#4462,#4463);
#4461 = CARTESIAN_POINT('',(119.576,-141.03,-4.6E-02));
#4462 = DIRECTION('',(-0.,-0.,-1.));
#4463 = DIRECTION('',(-0.,-1.,0.));
#4464 = ADVANCED_FACE('',(#4465),#4476,.F.);
#4465 = FACE_BOUND('',#4466,.T.);
#4466 = EDGE_LOOP('',(#4467,#4468,#4474,#4475));
#4467 = ORIENTED_EDGE('',*,*,#2384,.T.);
#4468 = ORIENTED_EDGE('',*,*,#4469,.T.);
#4469 = EDGE_CURVE('',#2385,#3213,#4470,.T.);
#4470 = LINE('',#4471,#4472);
#4471 = CARTESIAN_POINT('',(119.576,-138.871,-4.6E-02));
#4472 = VECTOR('',#4473,1.);
#4473 = DIRECTION('',(0.,0.,1.));
#4474 = ORIENTED_EDGE('',*,*,#3212,.F.);
#4475 = ORIENTED_EDGE('',*,*,#4469,.F.);
#4476 = CYLINDRICAL_SURFACE('',#4477,0.381);
#4477 = AXIS2_PLACEMENT_3D('',#4478,#4479,#4480);
#4478 = CARTESIAN_POINT('',(119.576,-138.49,-4.6E-02));
#4479 = DIRECTION('',(-0.,-0.,-1.));
#4480 = DIRECTION('',(-0.,-1.,0.));
#4481 = ADVANCED_FACE('',(#4482),#4493,.F.);
#4482 = FACE_BOUND('',#4483,.T.);
#4483 = EDGE_LOOP('',(#4484,#4485,#4491,#4492));
#4484 = ORIENTED_EDGE('',*,*,#2395,.T.);
#4485 = ORIENTED_EDGE('',*,*,#4486,.T.);
#4486 = EDGE_CURVE('',#2396,#3224,#4487,.T.);
#4487 = LINE('',#4488,#4489);
#4488 = CARTESIAN_POINT('',(119.576,-136.331,-4.6E-02));
#4489 = VECTOR('',#4490,1.);
#4490 = DIRECTION('',(0.,0.,1.));
#4491 = ORIENTED_EDGE('',*,*,#3223,.F.);
#4492 = ORIENTED_EDGE('',*,*,#4486,.F.);
#4493 = CYLINDRICAL_SURFACE('',#4494,0.381);
#4494 = AXIS2_PLACEMENT_3D('',#4495,#4496,#4497);
#4495 = CARTESIAN_POINT('',(119.576,-135.95,-4.6E-02));
#4496 = DIRECTION('',(-0.,-0.,-1.));
#4497 = DIRECTION('',(-0.,-1.,0.));
#4498 = ADVANCED_FACE('',(#4499),#4510,.F.);
#4499 = FACE_BOUND('',#4500,.T.);
#4500 = EDGE_LOOP('',(#4501,#4502,#4508,#4509));
#4501 = ORIENTED_EDGE('',*,*,#2406,.T.);
#4502 = ORIENTED_EDGE('',*,*,#4503,.T.);
#4503 = EDGE_CURVE('',#2407,#3235,#4504,.T.);
#4504 = LINE('',#4505,#4506);
#4505 = CARTESIAN_POINT('',(119.576,-133.791,-4.6E-02));
#4506 = VECTOR('',#4507,1.);
#4507 = DIRECTION('',(0.,0.,1.));
#4508 = ORIENTED_EDGE('',*,*,#3234,.F.);
#4509 = ORIENTED_EDGE('',*,*,#4503,.F.);
#4510 = CYLINDRICAL_SURFACE('',#4511,0.381);
#4511 = AXIS2_PLACEMENT_3D('',#4512,#4513,#4514);
#4512 = CARTESIAN_POINT('',(119.576,-133.41,-4.6E-02));
#4513 = DIRECTION('',(-0.,-0.,-1.));
#4514 = DIRECTION('',(-0.,-1.,0.));
#4515 = ADVANCED_FACE('',(#4516),#4527,.F.);
#4516 = FACE_BOUND('',#4517,.T.);
#4517 = EDGE_LOOP('',(#4518,#4519,#4525,#4526));
#4518 = ORIENTED_EDGE('',*,*,#2417,.T.);
#4519 = ORIENTED_EDGE('',*,*,#4520,.T.);
#4520 = EDGE_CURVE('',#2418,#3246,#4521,.T.);
#4521 = LINE('',#4522,#4523);
#4522 = CARTESIAN_POINT('',(114.62,-130.9,-4.6E-02));
#4523 = VECTOR('',#4524,1.);
#4524 = DIRECTION('',(0.,0.,1.));
#4525 = ORIENTED_EDGE('',*,*,#3245,.F.);
#4526 = ORIENTED_EDGE('',*,*,#4520,.F.);
#4527 = CYLINDRICAL_SURFACE('',#4528,0.4);
#4528 = AXIS2_PLACEMENT_3D('',#4529,#4530,#4531);
#4529 = CARTESIAN_POINT('',(114.62,-130.5,-4.6E-02));
#4530 = DIRECTION('',(-0.,-0.,-1.));
#4531 = DIRECTION('',(-0.,-1.,0.));
#4532 = ADVANCED_FACE('',(#4533),#4544,.F.);
#4533 = FACE_BOUND('',#4534,.T.);
#4534 = EDGE_LOOP('',(#4535,#4536,#4542,#4543));
#4535 = ORIENTED_EDGE('',*,*,#2428,.T.);
#4536 = ORIENTED_EDGE('',*,*,#4537,.T.);
#4537 = EDGE_CURVE('',#2429,#3257,#4538,.T.);
#4538 = LINE('',#4539,#4540);
#4539 = CARTESIAN_POINT('',(119.576,-131.251,-4.6E-02));
#4540 = VECTOR('',#4541,1.);
#4541 = DIRECTION('',(0.,0.,1.));
#4542 = ORIENTED_EDGE('',*,*,#3256,.F.);
#4543 = ORIENTED_EDGE('',*,*,#4537,.F.);
#4544 = CYLINDRICAL_SURFACE('',#4545,0.381);
#4545 = AXIS2_PLACEMENT_3D('',#4546,#4547,#4548);
#4546 = CARTESIAN_POINT('',(119.576,-130.87,-4.6E-02));
#4547 = DIRECTION('',(-0.,-0.,-1.));
#4548 = DIRECTION('',(-0.,-1.,0.));
#4549 = ADVANCED_FACE('',(#4550),#4561,.F.);
#4550 = FACE_BOUND('',#4551,.T.);
#4551 = EDGE_LOOP('',(#4552,#4553,#4559,#4560));
#4552 = ORIENTED_EDGE('',*,*,#2439,.T.);
#4553 = ORIENTED_EDGE('',*,*,#4554,.T.);
#4554 = EDGE_CURVE('',#2440,#3268,#4555,.T.);
#4555 = LINE('',#4556,#4557);
#4556 = CARTESIAN_POINT('',(119.576,-128.711,-4.6E-02));
#4557 = VECTOR('',#4558,1.);
#4558 = DIRECTION('',(0.,0.,1.));
#4559 = ORIENTED_EDGE('',*,*,#3267,.F.);
#4560 = ORIENTED_EDGE('',*,*,#4554,.F.);
#4561 = CYLINDRICAL_SURFACE('',#4562,0.381);
#4562 = AXIS2_PLACEMENT_3D('',#4563,#4564,#4565);
#4563 = CARTESIAN_POINT('',(119.576,-128.33,-4.6E-02));
#4564 = DIRECTION('',(-0.,-0.,-1.));
#4565 = DIRECTION('',(-0.,-1.,0.));
#4566 = ADVANCED_FACE('',(#4567),#4578,.F.);
#4567 = FACE_BOUND('',#4568,.T.);
#4568 = EDGE_LOOP('',(#4569,#4570,#4576,#4577));
#4569 = ORIENTED_EDGE('',*,*,#2450,.T.);
#4570 = ORIENTED_EDGE('',*,*,#4571,.T.);
#4571 = EDGE_CURVE('',#2451,#3279,#4572,.T.);
#4572 = LINE('',#4573,#4574);
#4573 = CARTESIAN_POINT('',(109.46,-121.95,-4.6E-02));
#4574 = VECTOR('',#4575,1.);
#4575 = DIRECTION('',(0.,0.,1.));
#4576 = ORIENTED_EDGE('',*,*,#3278,.F.);
#4577 = ORIENTED_EDGE('',*,*,#4571,.F.);
#4578 = CYLINDRICAL_SURFACE('',#4579,0.45);
#4579 = AXIS2_PLACEMENT_3D('',#4580,#4581,#4582);
#4580 = CARTESIAN_POINT('',(109.46,-121.5,-4.6E-02));
#4581 = DIRECTION('',(-0.,-0.,-1.));
#4582 = DIRECTION('',(-3.157967714489E-14,-1.,0.));
#4583 = ADVANCED_FACE('',(#4584),#4595,.F.);
#4584 = FACE_BOUND('',#4585,.T.);
#4585 = EDGE_LOOP('',(#4586,#4587,#4593,#4594));
#4586 = ORIENTED_EDGE('',*,*,#2461,.T.);
#4587 = ORIENTED_EDGE('',*,*,#4588,.T.);
#4588 = EDGE_CURVE('',#2462,#3290,#4589,.T.);
#4589 = LINE('',#4590,#4591);
#4590 = CARTESIAN_POINT('',(112.,-121.95,-4.6E-02));
#4591 = VECTOR('',#4592,1.);
#4592 = DIRECTION('',(0.,0.,1.));
#4593 = ORIENTED_EDGE('',*,*,#3289,.F.);
#4594 = ORIENTED_EDGE('',*,*,#4588,.F.);
#4595 = CYLINDRICAL_SURFACE('',#4596,0.45);
#4596 = AXIS2_PLACEMENT_3D('',#4597,#4598,#4599);
#4597 = CARTESIAN_POINT('',(112.,-121.5,-4.6E-02));
#4598 = DIRECTION('',(-0.,-0.,-1.));
#4599 = DIRECTION('',(-0.,-1.,0.));
#4600 = ADVANCED_FACE('',(#4601),#4612,.F.);
#4601 = FACE_BOUND('',#4602,.T.);
#4602 = EDGE_LOOP('',(#4603,#4604,#4610,#4611));
#4603 = ORIENTED_EDGE('',*,*,#2472,.T.);
#4604 = ORIENTED_EDGE('',*,*,#4605,.T.);
#4605 = EDGE_CURVE('',#2473,#3301,#4606,.T.);
#4606 = LINE('',#4607,#4608);
#4607 = CARTESIAN_POINT('',(155.,-121.1,-4.6E-02));
#4608 = VECTOR('',#4609,1.);
#4609 = DIRECTION('',(0.,0.,1.));
#4610 = ORIENTED_EDGE('',*,*,#3300,.F.);
#4611 = ORIENTED_EDGE('',*,*,#4605,.F.);
#4612 = CYLINDRICAL_SURFACE('',#4613,1.1);
#4613 = AXIS2_PLACEMENT_3D('',#4614,#4615,#4616);
#4614 = CARTESIAN_POINT('',(155.,-120.,-4.6E-02));
#4615 = DIRECTION('',(-0.,-0.,-1.));
#4616 = DIRECTION('',(-0.,-1.,0.));
#4617 = ( GEOMETRIC_REPRESENTATION_CONTEXT(3) 
GLOBAL_UNCERTAINTY_ASSIGNED_CONTEXT((#4621)) 
GLOBAL_UNIT_ASSIGNED_CONTEXT((#4618,#4619,#4620)) REPRESENTATION_CONTEXT
('Context #1','3D Context with UNIT and UNCERTAINTY') );
#4618 = ( LENGTH_UNIT() NAMED_UNIT(*) SI_UNIT(.MILLI.,.METRE.) );
#4619 = ( NAMED_UNIT(*) PLANE_ANGLE_UNIT() SI_UNIT($,.RADIAN.) );
#4620 = ( NAMED_UNIT(*) SI_UNIT($,.STERADIAN.) SOLID_ANGLE_UNIT() );
#4621 = UNCERTAINTY_MEASURE_WITH_UNIT(LENGTH_MEASURE(1.E-07),#4618,
  'distance_accuracy_value','confusion accuracy');
#4622 = CONTEXT_DEPENDENT_SHAPE_REPRESENTATION(#4623,#4625);
#4623 = ( REPRESENTATION_RELATIONSHIP('','',#1550,#10) 
REPRESENTATION_RELATIONSHIP_WITH_TRANSFORMATION(#4624) 
SHAPE_REPRESENTATION_RELATIONSHIP() );
#4624 = ITEM_DEFINED_TRANSFORMATION('','',#11,#27);
#4625 = PRODUCT_DEFINITION_SHAPE('Placement','Placement of an item',
  #4626);
#4626 = NEXT_ASSEMBLY_USAGE_OCCURRENCE('7','=>[0:1:1:8]','',#5,#1545,$);
#4627 = PRODUCT_RELATED_PRODUCT_CATEGORY('part',$,(#1547));
#4628 = MECHANICAL_DESIGN_GEOMETRIC_PRESENTATION_REPRESENTATION('',(
    #4629,#4637,#4644,#4651,#4658,#4665,#4672,#4680,#4687,#4694,#4701,
    #4708,#4715,#4722,#4729,#4736),#493);
#4629 = STYLED_ITEM('color',(#4630),#70);
#4630 = PRESENTATION_STYLE_ASSIGNMENT((#4631));
#4631 = SURFACE_STYLE_USAGE(.BOTH.,#4632);
#4632 = SURFACE_SIDE_STYLE('',(#4633));
#4633 = SURFACE_STYLE_FILL_AREA(#4634);
#4634 = FILL_AREA_STYLE('',(#4635));
#4635 = FILL_AREA_STYLE_COLOUR('',#4636);
#4636 = COLOUR_RGB('',0.699999984889,9.999999991362E-02,
  5.000000142576E-02);
#4637 = STYLED_ITEM('color',(#4638),#97);
#4638 = PRESENTATION_STYLE_ASSIGNMENT((#4639));
#4639 = SURFACE_STYLE_USAGE(.BOTH.,#4640);
#4640 = SURFACE_SIDE_STYLE('',(#4641));
#4641 = SURFACE_STYLE_FILL_AREA(#4642);
#4642 = FILL_AREA_STYLE('',(#4643));
#4643 = FILL_AREA_STYLE_COLOUR('',#4636);
#4644 = STYLED_ITEM('color',(#4645),#122);
#4645 = PRESENTATION_STYLE_ASSIGNMENT((#4646));
#4646 = SURFACE_STYLE_USAGE(.BOTH.,#4647);
#4647 = SURFACE_SIDE_STYLE('',(#4648));
#4648 = SURFACE_STYLE_FILL_AREA(#4649);
#4649 = FILL_AREA_STYLE('',(#4650));
#4650 = FILL_AREA_STYLE_COLOUR('',#4636);
#4651 = STYLED_ITEM('color',(#4652),#150);
#4652 = PRESENTATION_STYLE_ASSIGNMENT((#4653));
#4653 = SURFACE_STYLE_USAGE(.BOTH.,#4654);
#4654 = SURFACE_SIDE_STYLE('',(#4655));
#4655 = SURFACE_STYLE_FILL_AREA(#4656);
#4656 = FILL_AREA_STYLE('',(#4657));
#4657 = FILL_AREA_STYLE_COLOUR('',#4636);
#4658 = STYLED_ITEM('color',(#4659),#182);
#4659 = PRESENTATION_STYLE_ASSIGNMENT((#4660));
#4660 = SURFACE_STYLE_USAGE(.BOTH.,#4661);
#4661 = SURFACE_SIDE_STYLE('',(#4662));
#4662 = SURFACE_STYLE_FILL_AREA(#4663);
#4663 = FILL_AREA_STYLE('',(#4664));
#4664 = FILL_AREA_STYLE_COLOUR('',#4636);
#4665 = STYLED_ITEM('color',(#4666),#199);
#4666 = PRESENTATION_STYLE_ASSIGNMENT((#4667));
#4667 = SURFACE_STYLE_USAGE(.BOTH.,#4668);
#4668 = SURFACE_SIDE_STYLE('',(#4669));
#4669 = SURFACE_STYLE_FILL_AREA(#4670);
#4670 = FILL_AREA_STYLE('',(#4671));
#4671 = FILL_AREA_STYLE_COLOUR('',#4636);
#4672 = STYLED_ITEM('color',(#4673),#277);
#4673 = PRESENTATION_STYLE_ASSIGNMENT((#4674));
#4674 = SURFACE_STYLE_USAGE(.BOTH.,#4675);
#4675 = SURFACE_SIDE_STYLE('',(#4676));
#4676 = SURFACE_STYLE_FILL_AREA(#4677);
#4677 = FILL_AREA_STYLE('',(#4678));
#4678 = FILL_AREA_STYLE_COLOUR('',#4679);
#4679 = COLOUR_RGB('',0.823999987314,0.819999987296,0.781000009244);
#4680 = STYLED_ITEM('color',(#4681),#308);
#4681 = PRESENTATION_STYLE_ASSIGNMENT((#4682));
#4682 = SURFACE_STYLE_USAGE(.BOTH.,#4683);
#4683 = SURFACE_SIDE_STYLE('',(#4684));
#4684 = SURFACE_STYLE_FILL_AREA(#4685);
#4685 = FILL_AREA_STYLE('',(#4686));
#4686 = FILL_AREA_STYLE_COLOUR('',#4679);
#4687 = STYLED_ITEM('color',(#4688),#332);
#4688 = PRESENTATION_STYLE_ASSIGNMENT((#4689));
#4689 = SURFACE_STYLE_USAGE(.BOTH.,#4690);
#4690 = SURFACE_SIDE_STYLE('',(#4691));
#4691 = SURFACE_STYLE_FILL_AREA(#4692);
#4692 = FILL_AREA_STYLE('',(#4693));
#4693 = FILL_AREA_STYLE_COLOUR('',#4679);
#4694 = STYLED_ITEM('color',(#4695),#356);
#4695 = PRESENTATION_STYLE_ASSIGNMENT((#4696));
#4696 = SURFACE_STYLE_USAGE(.BOTH.,#4697);
#4697 = SURFACE_SIDE_STYLE('',(#4698));
#4698 = SURFACE_STYLE_FILL_AREA(#4699);
#4699 = FILL_AREA_STYLE('',(#4700));
#4700 = FILL_AREA_STYLE_COLOUR('',#4679);
#4701 = STYLED_ITEM('color',(#4702),#373);
#4702 = PRESENTATION_STYLE_ASSIGNMENT((#4703));
#4703 = SURFACE_STYLE_USAGE(.BOTH.,#4704);
#4704 = SURFACE_SIDE_STYLE('',(#4705));
#4705 = SURFACE_STYLE_FILL_AREA(#4706);
#4706 = FILL_AREA_STYLE('',(#4707));
#4707 = FILL_AREA_STYLE_COLOUR('',#4679);
#4708 = STYLED_ITEM('color',(#4709),#404);
#4709 = PRESENTATION_STYLE_ASSIGNMENT((#4710));
#4710 = SURFACE_STYLE_USAGE(.BOTH.,#4711);
#4711 = SURFACE_SIDE_STYLE('',(#4712));
#4712 = SURFACE_STYLE_FILL_AREA(#4713);
#4713 = FILL_AREA_STYLE('',(#4714));
#4714 = FILL_AREA_STYLE_COLOUR('',#4679);
#4715 = STYLED_ITEM('color',(#4716),#428);
#4716 = PRESENTATION_STYLE_ASSIGNMENT((#4717));
#4717 = SURFACE_STYLE_USAGE(.BOTH.,#4718);
#4718 = SURFACE_SIDE_STYLE('',(#4719));
#4719 = SURFACE_STYLE_FILL_AREA(#4720);
#4720 = FILL_AREA_STYLE('',(#4721));
#4721 = FILL_AREA_STYLE_COLOUR('',#4679);
#4722 = STYLED_ITEM('color',(#4723),#452);
#4723 = PRESENTATION_STYLE_ASSIGNMENT((#4724));
#4724 = SURFACE_STYLE_USAGE(.BOTH.,#4725);
#4725 = SURFACE_SIDE_STYLE('',(#4726));
#4726 = SURFACE_STYLE_FILL_AREA(#4727);
#4727 = FILL_AREA_STYLE('',(#4728));
#4728 = FILL_AREA_STYLE_COLOUR('',#4679);
#4729 = STYLED_ITEM('color',(#4730),#469);
#4730 = PRESENTATION_STYLE_ASSIGNMENT((#4731));
#4731 = SURFACE_STYLE_USAGE(.BOTH.,#4732);
#4732 = SURFACE_SIDE_STYLE('',(#4733));
#4733 = SURFACE_STYLE_FILL_AREA(#4734);
#4734 = FILL_AREA_STYLE('',(#4735));
#4735 = FILL_AREA_STYLE_COLOUR('',#4679);
#4736 = STYLED_ITEM('color',(#4737),#481);
#4737 = PRESENTATION_STYLE_ASSIGNMENT((#4738));
#4738 = SURFACE_STYLE_USAGE(.BOTH.,#4739);
#4739 = SURFACE_SIDE_STYLE('',(#4740));
#4740 = SURFACE_STYLE_FILL_AREA(#4741);
#4741 = FILL_AREA_STYLE('',(#4742));
#4742 = FILL_AREA_STYLE_COLOUR('',#4679);
#4743 = MECHANICAL_DESIGN_GEOMETRIC_PRESENTATION_REPRESENTATION('',(
    #4744,#4752,#4759,#4766,#4773,#4780,#4787,#4794,#4801,#4808,#4815,
    #4823,#4830),#827);
#4744 = STYLED_ITEM('color',(#4745),#537);
#4745 = PRESENTATION_STYLE_ASSIGNMENT((#4746));
#4746 = SURFACE_STYLE_USAGE(.BOTH.,#4747);
#4747 = SURFACE_SIDE_STYLE('',(#4748));
#4748 = SURFACE_STYLE_FILL_AREA(#4749);
#4749 = FILL_AREA_STYLE('',(#4750));
#4750 = FILL_AREA_STYLE_COLOUR('',#4751);
#4751 = COLOUR_RGB('',0.147999998088,0.144999993226,0.144999993226);
#4752 = STYLED_ITEM('color',(#4753),#570);
#4753 = PRESENTATION_STYLE_ASSIGNMENT((#4754));
#4754 = SURFACE_STYLE_USAGE(.BOTH.,#4755);
#4755 = SURFACE_SIDE_STYLE('',(#4756));
#4756 = SURFACE_STYLE_FILL_AREA(#4757);
#4757 = FILL_AREA_STYLE('',(#4758));
#4758 = FILL_AREA_STYLE_COLOUR('',#4751);
#4759 = STYLED_ITEM('color',(#4760),#596);
#4760 = PRESENTATION_STYLE_ASSIGNMENT((#4761));
#4761 = SURFACE_STYLE_USAGE(.BOTH.,#4762);
#4762 = SURFACE_SIDE_STYLE('',(#4763));
#4763 = SURFACE_STYLE_FILL_AREA(#4764);
#4764 = FILL_AREA_STYLE('',(#4765));
#4765 = FILL_AREA_STYLE_COLOUR('',#4751);
#4766 = STYLED_ITEM('color',(#4767),#622);
#4767 = PRESENTATION_STYLE_ASSIGNMENT((#4768));
#4768 = SURFACE_STYLE_USAGE(.BOTH.,#4769);
#4769 = SURFACE_SIDE_STYLE('',(#4770));
#4770 = SURFACE_STYLE_FILL_AREA(#4771);
#4771 = FILL_AREA_STYLE('',(#4772));
#4772 = FILL_AREA_STYLE_COLOUR('',#4751);
#4773 = STYLED_ITEM('color',(#4774),#653);
#4774 = PRESENTATION_STYLE_ASSIGNMENT((#4775));
#4775 = SURFACE_STYLE_USAGE(.BOTH.,#4776);
#4776 = SURFACE_SIDE_STYLE('',(#4777));
#4777 = SURFACE_STYLE_FILL_AREA(#4778);
#4778 = FILL_AREA_STYLE('',(#4779));
#4779 = FILL_AREA_STYLE_COLOUR('',#4751);
#4780 = STYLED_ITEM('color',(#4781),#673);
#4781 = PRESENTATION_STYLE_ASSIGNMENT((#4782));
#4782 = SURFACE_STYLE_USAGE(.BOTH.,#4783);
#4783 = SURFACE_SIDE_STYLE('',(#4784));
#4784 = SURFACE_STYLE_FILL_AREA(#4785);
#4785 = FILL_AREA_STYLE('',(#4786));
#4786 = FILL_AREA_STYLE_COLOUR('',#4679);
#4787 = STYLED_ITEM('color',(#4788),#698);
#4788 = PRESENTATION_STYLE_ASSIGNMENT((#4789));
#4789 = SURFACE_STYLE_USAGE(.BOTH.,#4790);
#4790 = SURFACE_SIDE_STYLE('',(#4791));
#4791 = SURFACE_STYLE_FILL_AREA(#4792);
#4792 = FILL_AREA_STYLE('',(#4793));
#4793 = FILL_AREA_STYLE_COLOUR('',#4679);
#4794 = STYLED_ITEM('color',(#4795),#723);
#4795 = PRESENTATION_STYLE_ASSIGNMENT((#4796));
#4796 = SURFACE_STYLE_USAGE(.BOTH.,#4797);
#4797 = SURFACE_SIDE_STYLE('',(#4798));
#4798 = SURFACE_STYLE_FILL_AREA(#4799);
#4799 = FILL_AREA_STYLE('',(#4800));
#4800 = FILL_AREA_STYLE_COLOUR('',#4751);
#4801 = STYLED_ITEM('color',(#4802),#748);
#4802 = PRESENTATION_STYLE_ASSIGNMENT((#4803));
#4803 = SURFACE_STYLE_USAGE(.BOTH.,#4804);
#4804 = SURFACE_SIDE_STYLE('',(#4805));
#4805 = SURFACE_STYLE_FILL_AREA(#4806);
#4806 = FILL_AREA_STYLE('',(#4807));
#4807 = FILL_AREA_STYLE_COLOUR('',#4679);
#4808 = STYLED_ITEM('color',(#4809),#774);
#4809 = PRESENTATION_STYLE_ASSIGNMENT((#4810));
#4810 = SURFACE_STYLE_USAGE(.BOTH.,#4811);
#4811 = SURFACE_SIDE_STYLE('',(#4812));
#4812 = SURFACE_STYLE_FILL_AREA(#4813);
#4813 = FILL_AREA_STYLE('',(#4814));
#4814 = FILL_AREA_STYLE_COLOUR('',#4679);
#4815 = STYLED_ITEM('color',(#4816),#800);
#4816 = PRESENTATION_STYLE_ASSIGNMENT((#4817));
#4817 = SURFACE_STYLE_USAGE(.BOTH.,#4818);
#4818 = SURFACE_SIDE_STYLE('',(#4819));
#4819 = SURFACE_STYLE_FILL_AREA(#4820);
#4820 = FILL_AREA_STYLE('',(#4821));
#4821 = FILL_AREA_STYLE_COLOUR('',#4822);
#4822 = COLOUR_RGB('',0.809000013735,0.426000008053,0.147999998088);
#4823 = STYLED_ITEM('color',(#4824),#809);
#4824 = PRESENTATION_STYLE_ASSIGNMENT((#4825));
#4825 = SURFACE_STYLE_USAGE(.BOTH.,#4826);
#4826 = SURFACE_SIDE_STYLE('',(#4827));
#4827 = SURFACE_STYLE_FILL_AREA(#4828);
#4828 = FILL_AREA_STYLE('',(#4829));
#4829 = FILL_AREA_STYLE_COLOUR('',#4679);
#4830 = STYLED_ITEM('color',(#4831),#818);
#4831 = PRESENTATION_STYLE_ASSIGNMENT((#4832));
#4832 = SURFACE_STYLE_USAGE(.BOTH.,#4833);
#4833 = SURFACE_SIDE_STYLE('',(#4834));
#4834 = SURFACE_STYLE_FILL_AREA(#4835);
#4835 = FILL_AREA_STYLE('',(#4836));
#4836 = FILL_AREA_STYLE_COLOUR('',#4679);
#4837 = MECHANICAL_DESIGN_GEOMETRIC_PRESENTATION_REPRESENTATION('',(
    #4838),#4617);
#4838 = STYLED_ITEM('color',(#4839),#1551);
#4839 = PRESENTATION_STYLE_ASSIGNMENT((#4840));
#4840 = SURFACE_STYLE_USAGE(.BOTH.,#4841);
#4841 = SURFACE_SIDE_STYLE('',(#4842));
#4842 = SURFACE_STYLE_FILL_AREA(#4843);
#4843 = FILL_AREA_STYLE('',(#4844));
#4844 = FILL_AREA_STYLE_COLOUR('',#4845);
#4845 = COLOUR_RGB('',0.313304153717,0.484529207832,0.410020903123);
#4846 = MECHANICAL_DESIGN_GEOMETRIC_PRESENTATION_REPRESENTATION('',(
    #4847,#4855,#4862,#4869,#4876,#4883,#4890,#4897,#4904,#4911,#4918,
    #4925,#4932,#4939,#4946),#1532);
#4847 = STYLED_ITEM('color',(#4848),#871);
#4848 = PRESENTATION_STYLE_ASSIGNMENT((#4849));
#4849 = SURFACE_STYLE_USAGE(.BOTH.,#4850);
#4850 = SURFACE_SIDE_STYLE('',(#4851));
#4851 = SURFACE_STYLE_FILL_AREA(#4852);
#4852 = FILL_AREA_STYLE('',(#4853));
#4853 = FILL_AREA_STYLE_COLOUR('',#4854);
#4854 = COLOUR_RGB('',0.883000012551,0.711000022565,0.492000011028);
#4855 = STYLED_ITEM('color',(#4856),#904);
#4856 = PRESENTATION_STYLE_ASSIGNMENT((#4857));
#4857 = SURFACE_STYLE_USAGE(.BOTH.,#4858);
#4858 = SURFACE_SIDE_STYLE('',(#4859));
#4859 = SURFACE_STYLE_FILL_AREA(#4860);
#4860 = FILL_AREA_STYLE('',(#4861));
#4861 = FILL_AREA_STYLE_COLOUR('',#4854);
#4862 = STYLED_ITEM('color',(#4863),#930);
#4863 = PRESENTATION_STYLE_ASSIGNMENT((#4864));
#4864 = SURFACE_STYLE_USAGE(.BOTH.,#4865);
#4865 = SURFACE_SIDE_STYLE('',(#4866));
#4866 = SURFACE_STYLE_FILL_AREA(#4867);
#4867 = FILL_AREA_STYLE('',(#4868));
#4868 = FILL_AREA_STYLE_COLOUR('',#4854);
#4869 = STYLED_ITEM('color',(#4870),#950);
#4870 = PRESENTATION_STYLE_ASSIGNMENT((#4871));
#4871 = SURFACE_STYLE_USAGE(.BOTH.,#4872);
#4872 = SURFACE_SIDE_STYLE('',(#4873));
#4873 = SURFACE_STYLE_FILL_AREA(#4874);
#4874 = FILL_AREA_STYLE('',(#4875));
#4875 = FILL_AREA_STYLE_COLOUR('',#4854);
#4876 = STYLED_ITEM('color',(#4877),#1133);
#4877 = PRESENTATION_STYLE_ASSIGNMENT((#4878));
#4878 = SURFACE_STYLE_USAGE(.BOTH.,#4879);
#4879 = SURFACE_SIDE_STYLE('',(#4880));
#4880 = SURFACE_STYLE_FILL_AREA(#4881);
#4881 = FILL_AREA_STYLE('',(#4882));
#4882 = FILL_AREA_STYLE_COLOUR('',#4854);
#4883 = STYLED_ITEM('color',(#4884),#1158);
#4884 = PRESENTATION_STYLE_ASSIGNMENT((#4885));
#4885 = SURFACE_STYLE_USAGE(.BOTH.,#4886);
#4886 = SURFACE_SIDE_STYLE('',(#4887));
#4887 = SURFACE_STYLE_FILL_AREA(#4888);
#4888 = FILL_AREA_STYLE('',(#4889));
#4889 = FILL_AREA_STYLE_COLOUR('',#4679);
#4890 = STYLED_ITEM('color',(#4891),#1184);
#4891 = PRESENTATION_STYLE_ASSIGNMENT((#4892));
#4892 = SURFACE_STYLE_USAGE(.BOTH.,#4893);
#4893 = SURFACE_SIDE_STYLE('',(#4894));
#4894 = SURFACE_STYLE_FILL_AREA(#4895);
#4895 = FILL_AREA_STYLE('',(#4896));
#4896 = FILL_AREA_STYLE_COLOUR('',#4854);
#4897 = STYLED_ITEM('color',(#4898),#1204);
#4898 = PRESENTATION_STYLE_ASSIGNMENT((#4899));
#4899 = SURFACE_STYLE_USAGE(.BOTH.,#4900);
#4900 = SURFACE_SIDE_STYLE('',(#4901));
#4901 = SURFACE_STYLE_FILL_AREA(#4902);
#4902 = FILL_AREA_STYLE('',(#4903));
#4903 = FILL_AREA_STYLE_COLOUR('',#4679);
#4904 = STYLED_ITEM('color',(#4905),#1229);
#4905 = PRESENTATION_STYLE_ASSIGNMENT((#4906));
#4906 = SURFACE_STYLE_USAGE(.BOTH.,#4907);
#4907 = SURFACE_SIDE_STYLE('',(#4908));
#4908 = SURFACE_STYLE_FILL_AREA(#4909);
#4909 = FILL_AREA_STYLE('',(#4910));
#4910 = FILL_AREA_STYLE_COLOUR('',#4854);
#4911 = STYLED_ITEM('color',(#4912),#1254);
#4912 = PRESENTATION_STYLE_ASSIGNMENT((#4913));
#4913 = SURFACE_STYLE_USAGE(.BOTH.,#4914);
#4914 = SURFACE_SIDE_STYLE('',(#4915));
#4915 = SURFACE_STYLE_FILL_AREA(#4916);
#4916 = FILL_AREA_STYLE('',(#4917));
#4917 = FILL_AREA_STYLE_COLOUR('',#4679);
#4918 = STYLED_ITEM('color',(#4919),#1263);
#4919 = PRESENTATION_STYLE_ASSIGNMENT((#4920));
#4920 = SURFACE_STYLE_USAGE(.BOTH.,#4921);
#4921 = SURFACE_SIDE_STYLE('',(#4922));
#4922 = SURFACE_STYLE_FILL_AREA(#4923);
#4923 = FILL_AREA_STYLE('',(#4924));
#4924 = FILL_AREA_STYLE_COLOUR('',#4854);
#4925 = STYLED_ITEM('color',(#4926),#1289);
#4926 = PRESENTATION_STYLE_ASSIGNMENT((#4927));
#4927 = SURFACE_STYLE_USAGE(.BOTH.,#4928);
#4928 = SURFACE_SIDE_STYLE('',(#4929));
#4929 = SURFACE_STYLE_FILL_AREA(#4930);
#4930 = FILL_AREA_STYLE('',(#4931));
#4931 = FILL_AREA_STYLE_COLOUR('',#4854);
#4932 = STYLED_ITEM('color',(#4933),#1472);
#4933 = PRESENTATION_STYLE_ASSIGNMENT((#4934));
#4934 = SURFACE_STYLE_USAGE(.BOTH.,#4935);
#4935 = SURFACE_SIDE_STYLE('',(#4936));
#4936 = SURFACE_STYLE_FILL_AREA(#4937);
#4937 = FILL_AREA_STYLE('',(#4938));
#4938 = FILL_AREA_STYLE_COLOUR('',#4679);
#4939 = STYLED_ITEM('color',(#4940),#1498);
#4940 = PRESENTATION_STYLE_ASSIGNMENT((#4941));
#4941 = SURFACE_STYLE_USAGE(.BOTH.,#4942);
#4942 = SURFACE_SIDE_STYLE('',(#4943));
#4943 = SURFACE_STYLE_FILL_AREA(#4944);
#4944 = FILL_AREA_STYLE('',(#4945));
#4945 = FILL_AREA_STYLE_COLOUR('',#4679);
#4946 = STYLED_ITEM('color',(#4947),#1523);
#4947 = PRESENTATION_STYLE_ASSIGNMENT((#4948));
#4948 = SURFACE_STYLE_USAGE(.BOTH.,#4949);
#4949 = SURFACE_SIDE_STYLE('',(#4950));
#4950 = SURFACE_STYLE_FILL_AREA(#4951);
#4951 = FILL_AREA_STYLE('',(#4952));
#4952 = FILL_AREA_STYLE_COLOUR('',#4679);
ENDSEC;
END-ISO-10303-21;
